FxProNews	143596836	
twinews7	128208826	
BB7777777_FX	150173996	
ZAiFX	107873122	
Why_We_Do_That	105408056	
CTFX_NEWS	115334860	
MONEXFX_JP	232041447	
skyemperor	32818127	
yuwonowhy	2604764	
unwaterdpac	230728416	
TheSquareMile	9430731	
simaoforex	26576614	
michaelhewson	5064249	
Wittykung	209032566	
unictunis	23633772	
Interestingkung	417730739	
parksol	24059796	
Techslut	53739435	
ame_finance	7490982	
ruangkota	411583540	
shooky	1076918	
Por_Atitaya	381792621	
allweil	112177328	
insushop_kr	191705195	
glothkom	3562982	
City4All	31884907	
Fundchilemas	110250498	
_business_money	403173521	
OECD	1790239	
UnescoIHE	3887314	
SMART_facility	161141615	
jwerthein	25324056	
k_juken	372583563	
alidapham	523465	
CarryCandy	26321226	
DPP50	8098565	
Emma880316	156058399	
chrisajbrown	224939430	
takiant	133477545	
graygoods	120941647	
AlanMBevin	39349996	
EUROCITIEStweet	406836206	
urbantweetUK	358794906	
john_quinn_	178002416	
CCFarre	66130083	
mfukar	22986227	
WorkFoundation	71734342	
Santa_EvE	209128018	
Voice_TV	104672467	
thesspirit	120930618	
hongyd81	191224086	
lamprosg	229528010	
heehee21	25949054	
Antinema	290793904	
hlrespect	235176948	
ad_judicium	286369406	
REDINNsrl	352111721	
Imma____	219672030	
Dr_Yut	178211801	
EENNORTHEAST	79805543	
hanby01	272282677	
ezcooler	26074566	
piff01	188786221	
happygreen1	33449328	
jchbae	28984560	
FutureForAll	57390604	
ACJSissons	175524824	
heidy_tri	114343190	
OECDObserver	356546572	
GlobalHlthUNSW	29130674	
AskerovNicat	411180544	
Global_Updaid	79508885	
TeresaFogelberg	112695401	
choseulgi85	411674516	
EmilioMelgar	147133178	
Finance_NYC	55782127	
rdwhite49	25807332	
zinnaGo	208454442	
cjs10004	95360711	
IFAXnews	191337894	
SaeedBinShabib	262849586	
TVandenbosch	2838062	
drumstickmg	380958816	
prochangQ	206479533	
Unentugs	202573074	
jakartanewsnet	188809025	
thstngkvhqmf	141508270	
stephenboydstuc	231588449	
LibrareyBooks	416451588	
hide_tolucky	112373881	
finance_news	2382776	
an_du_	129925673	
laynecom	64335305	
yinolbu	130319667	
librarynu	158547759	
WomenParty	279113546	
reksadana	2695990	
Hugo_Kirara3500	126698716	
hk_eco	264531743	
EcoDesignGirl	277708310	
DrGreen156	269924023	
EMAlumni	7627191	
Hlth_Literacy	63917015	
dan_danjapanese	275941623	
titivistis	403545272	
hk_pol	264528354	
IWASHI77	251643946	
masha8jp0206	256624532	
kelissa	1415990	
Dochasnetwork	95476223	
hoshi_takanori	29951717	
noncyan1975	96549247	
s21121	263186032	
dmsgod123	267258753	
bauermode	181818607	
nyakuso	181620635	
nonun3	144682490	
cllitie	121448015	
hk_cul	264529989	
thoton	3575085	
fjhiro3	158278985	
hk_wor	269244330	
kyongwook	15012458	
quicknews_ko	85109515	
FxNedimVural	407031134	
southstep	29016288	
Artemis_Lynn	402635309	
fic39	252709462	
Ava546546546	416923116	
rudnf1208	285952066	
77bus	371416856	
nefosis	160860766	
jeesangkr	196607997	
finanstrend	169351393	
ek3906	391123295	
midokwan	184955724	
metadesignlab	363341469	
jypak73	413480182	
badromance65	123228204	
wingswolf	215610188	
dpaich	85818850	
jnjfilm	122888845	
gen_ROWDY	127531214	
linuxwin	103402035	
zen418	361742855	
stormylg	266507567	
Indonesia_kita	31742760	
minorwriter	109193190	
smokingman88	154798847	
ehanb	96589180	
mylee1452	391931013	
chefangusbutem	391571504	
swanbang	62025343	
SocialCaster	175457489	
rt2rt4	386536666	
hoodman55	271131345	
hyejo_on2	250976095	
LOL_orz	221376067	
twin0808	142818878	
searcherJ	33019084	
GIMSUHYEON	235541651	
Edgestorm	87425920	
chkfile	87434576	
SaschaNaz	402181776	
winterquenn	377137533	
N_siria	280781533	
DKJAS	392649847	
Claire_G_Kim	184618301	
syp12580	139359002	
jEdo_k	21341977	
r1256r	141315328	
SYKimMD	179653145	
tjrhddltks	412715923	
hye_si	210142505	
your_rights	108736993	
hk_spo	378584656	
ToneyHalverson	408164413	
ellenfweber	2322739	
PJ_Muncaster	2550595	
herbplantA	165912825	
EKaiserReuters	56833057	
ReutersEconAsia	351389990	
hairless_	113888260	
freema7	126801247	
krealmedia	187392879	
JackEHeron	238096132	
luvky001	411114708	
J_Martina12	278884110	
_karam	378876461	
lohasmate	226089827	
hankookilbo	110589253	
NewsIndo	121913948	
kimhyuna9	410194255	
ArtHarville	411048990	
indonesia_tweet	147193860	
Hurphist	24179434	
HoonYai	113362185	
sentosm_bot	406144516	
49_i	397712418	
ortson	105344199	
i88888888	152774149	
sinceremind	122517364	
amccausland	7687524	
50003773	408509706	
Tatusplateau	122873344	
2MBchifanlema	387844904	
aprealist	120581683	
chandra_ksm	22998562	
YusofAR	376060714	
creatingchange	448483	
xfmulder	250116314	
sammartino	56083	
automatedtrader	2360565	
rikokazu	156563169	
it0tada	125879343	
DracoTBastard	147385064	
Danjite	153364	
DieaRyu	408791274	
ocomet	203945	
pkedrosky	18121	
UOAdvDir	52657051	
milenkotomic	93200956	
Royal_Arse	224452246	
happyinmotion	80415394	
_cparra	277546780	
sevenjoy7	85922786	
EduardoVergaraB	34826820	
GregorMacdonald	12781	
lks7292	221359308	
letsktl	270963928	
neto378	14531178	
willspencer	280871	
News123china	275779285	
rheannethea	142984089	
abhish18	20766047	
cjh8093	292112943	
Anachy21	232739108	
Loupo85	196864752	
ramblerha	266033549	
noemizapata	67165870	
iouimu	252265043	
ethical_metal	363307701	
rkdmf1876	218865286	
adanao	38335242	
eighthdayweil	128645134	
viewnnews	110668071	
Progress_News	148763713	
ottoshin	103678073	
Chris_Sim_GD	287322260	
GJ_j24	97576110	
bumwees	368844933	
dada7070	253177017	
red_hardliner	64515409	
nadianadiuls	413819628	
imageswebsites	261503417	
hyungr	117802298	
SawadaKatsumi	46291402	
panasonic_cca	102844566	
shywKim	201609218	
Educhatter	52023011	
mhotl	204192729	
incredibleTB	114201550	
bot_yukio	119764653	
sssswwwwhh	90809876	
Natalie87879546	417867148	
hminkema	117274298	
jonghee1	30164737	
202712	131015606	
RAntoshak	5848384	
kourogokui	88450452	
copysokuho	411138711	
abobakr2010	91602544	
ReeguruJirubq	411159982	
yokamile	177769231	
amyjieun1	394778528	
UrmiAshar	227258904	
adamquinton	39900614	
tonyevans88	7300160	
Protoprise	188550506	
MarkGBeer	102491004	
ernestopriego	32362695	
BourbonC	236437344	
MGPSI	351139147	
DrSarahEaton	82220728	
feusl	65649	
OilHancho	417903695	
Ty_Duarte	384732244	
Gibraltar_Mike	284570483	
kskszk	10452057	
nzchook	1336773	
downstreamnews	352066536	
Oil_Trader	22132603	
Mr_Roshan	254946052	
anubeon	6224500	
FionaLinXY	376861117	
mylshop03	414005893	
claire_ob1	177148384	
mjsigol	223502401	
Neev_ie	226487146	
check_maff	269234783	
mikeglodo	69719998	
DougSaunders	6773176	
1stnj	161317061	
GerryCasey	166879084	
neoscw	406289146	
LG_ALEMAN	165440979	
clairestahl	396242460	
Swillytwit	382673306	
sashrimyname	413794097	
ljgalleta	386714192	
KRABAT44	233338851	
hanga93	155954810	
leewanta	189799412	
Hans_Zomer	94440069	
KnobOfTheDay_	375475647	
knuepck	93714499	
kimjbmr	400382236	
CSINowedu	168457071	
caserranom	229329067	
Satopon1980	207056855	
gamenewskr	127142532	
hyony095	384274286	
kohler1873	377686981	
azu0930	98498076	
McKinseySociety	406833730	
reikotaniguchi	81631232	
kubotch52	272470000	
maisels	121129554	
kimjjun77	393081059	
ppoyanum	398204395	
rodrigomorales_	79146699	
hasumin722	166262830	
hanbinism	114323304	
quiteblues	400198539	
ShiroKatsufuji	202456675	
my703__	292190591	
juho97	375573187	
takero_doi	111929802	
rbc_staff	104250768	
kimsrich	402126618	
ksshin1202	366899200	
2112n	395586170	
fivehand00	128662670	
Happyday0902	399092082	
kitbang8922	167186158	
skysurfr	6291037	
Tanmeyah	164423392	
PERFECTPRODUCTT	408625313	
khk915	270215137	
econoyong	136982526	
Carame1ize	206057495	
sjleelove	45981506	
sonjangsik	354772178	
Lyn0428	355742971	
jhlily	228824268	
milehigh_shin	129800901	
seostone1008	152150342	
feelikeyou	363304292	
a_tempofied	291677919	
tjworldo7	116345441	
ljs9609	262391736	
coreacom	127589998	
redzeta	111025088	
sunnie0913	260607164	
dongzang11	136091624	
beardious	370566284	
acornnut1	44136029	
hanijjang	96017504	
essayontime	122278898	
TechnologyAdv	285558484	
keb2ee	159449800	
Shadow7497John	403596965	
dante21net	178391590	
edmorrison	159565	
htadano	95034913	
rfrst	407611296	
kabusikisenmon	407939163	
Miel0329miel	159662945	
ffxfuelsave	371139778	
wan1210	83307728	
RuchiraC	358811718	
_Matsukou	412487513	
choimir	359742306	
kwonsujeong	352132719	
kuro091	78355466	
krml12	357563623	
ljhoung2339	231461179	
bjchina123	185987959	
gaLaYoung	403391669	
goolcoon	415041699	
Nasser_Saidi	27594552	
MrSchwenn	410369091	
AndyMarr63	123109028	
colinrtalbot	142004352	
colin_macneil	220420043	
iamminimom	397159794	
hangillo	391763441	
news_kor	125662777	
pearljh2	102240408	
limebyt	218743143	
auraooo	162469202	
Joseph_Maria	107924298	
H_Nobunaga	249127596	
nogwon	267381432	
danielanderss	265227527	
Hawkamah	265177559	
marisaBlack1	417258561	
BoreumO_O	194737339	
KorNews	16996269	
KorNewsSoc	17484823	
Meer_A_Spirit	381425461	
mushioda	91378831	
nahuelcleo	169373581	
calamur	121562	
MartinJDeane	86243983	
KentsNews	367863276	
ntsour	416090503	
ElementaryForce	401448251	
DocRichard	2091573	
social_kr	395061130	
youkio21	394202504	
gihyokim	406702055	
sungsohee92	245300531	
NOELA_KIM	242580791	
Besquid	139101792	
fpietrosanti	93734562	
_SJI	351793771	
freetonsky	117381279	
globaleaks	200314755	
MattCowgill	89063108	
jyukis	162346841	
shima_10shi	231564785	
riverboy86	220861925	
kimcr121	156046014	
Bernstein1932	403558106	
xbrl_ch	23134148	
NoPassaran_gr	281250378	
fremdgehen_hh	236417778	
__contagious__	89057842	
AnonOpsCN	236285455	
OpGFW	236608580	
askGemiza	414585526	
NohaMahmoud	29633146	
SherenJOR	228793051	
arrromat	82116728	
hamburggirls	220411532	
smhxxflying	80622270	
blacktiger2002	286041307	
soomin0204	152141965	
bknet	13172524	
PACALAURA	241980091	
mojito0	99665694	
unitororo	95251422	
swantoki	94204225	
younghyun55	265172474	
SH_Rheuterpe	417280021	
tulip926	364274908	
Jobcollege	10104848	
j1_news	50367230	
JerleneCulligan	407302829	
clione	8378899	
BgH57	273904129	
MayDay___	191320487	
digitaleartheu	219941055	
mohd_ali_rustam	45110140	
cingulardom	365711082	
kshikuya	492874	
catcatcat777	191533938	
kabutoyama_taro	116355187	
t_kato	55358	
n24v	378647116	
wanitoraion	152240295	
TeeHiro	82034434	
PeterisUrtans	37556228	
Fumitake_A	122308868	
rcofinof	1525425	
kinbricksnow	129857140	
Mfecane	94250381	
hirosetetsuo	186017939	
flashgoden	181069056	
mnaoto	63343193	
1lH	378658686	
overshootting	126768117	
sowoonya	407301876	
wcosmos50	185100946	
EulaMcnary	410384218	
ChildMoon18	407243596	
69_9	372260347	
syakai_nskbot	412221652	
RepublicOfOsaka	227315643	
yujifujitani	113850425	
supertoktok2	236029339	
Doublekabsic	145552707	
agrasyak	135329840	
toji_t	31442751	
Selbst_	283031015	
Philo_KyoungHee	99603424	
itogensan	175721112	
Nabiwahighhill	397697918	
cheleesb	144220202	
ohudong	120053207	
kackiee	8007143	
sophiajhlee	359521576	
paux2011	240751059	
mijubol	108835900	
RounD__	214663725	
pc2u	26857421	
bj1132	379538230	
ch_estay	22833243	
onejb86	131334729	
iii	303605	
sokewlsage	93748867	
sua_zia_love	410896017	
takezin	78790807	
watarumito	25807628	
chibanoiniesta	53058338	
masanork	103070	
na98001	247417413	
jiwoosim	120308637	
hjmpartner	217463326	
hyenahunter	211799454	
ChoHyonSoo	189183941	
JCNNewswire	11797094	
maekyung	24323154	
vudysulubi	412579087	
mike0222	109085532	
atssa_good	237005627	
Dam_One	376695112	
limhyungkyun	168717582	
zzintta_verry	238146241	
daxing10	156702093	
gidarida	376122746	
sky4864	134436109	
HanWonJun	260266957	
kbsnewstweet	131881319	
minjoo86	69967292	
shoutingvoice	209451111	
jiyun1098	381716445	
albertomirandab	385431369	
presibkb	158095742	
imays	53395297	
thesia_taemin	228933092	
satukiriho	141538158	
awesome_kpop	364987530	
sankenbori	155879963	
hotori137	281646291	
murotahiroki	147449094	
BridgettMeng199	363225455	
ShanaWilson	11855167	
dulsetnet	134468435	
intfvdh	417526162	
freahki	60641538	
Kakun88	69616690	
ljhjhr	220797508	
Happen_Inn	407611154	
greenlinux	8343263	
Yannieeeeee_	393054054	
genial2305	414097513	
M_AND_A_JP	224405894	
20min_ch	33784778	
ysmonzu	262823581	
rodeheaverjygb6	417468781	
m_yury	136556496	
cordrayukxi4	417463368	
NorthEastNASUWT	214825922	
Plancherel	386246658	
kr3325003	376933899	
nexa	2052537	
shockedinvestor	63515430	
MittLivSomHund	355091903	
ericcontesse	292182372	
FRPH	48177532	
marce_cavazos	130990105	
REDservidores	146152656	
SantiagoIniguez	18203459	
armandsamaniego	221376357	
darkpolitricks	63525462	
darkpoltweeter	90835422	
ortegarance	438680	
chileno1973	407270793	
ResearchProcess	94007894	
ealvac1	411701028	
GEW_Aachen_Gymn	64772780	
IEAlumni	36560395	
FedExpert	271772967	
helenaherting	48474277	
DavidBachIE	273470409	
jdlangtonblog	136803265	
boyoung22776	230553999	
researchpharma	417362051	
1gapyyy	285684429	
hkim1121	126216844	
CDTChinese	75210799	
vcaonima	31834552	
richisglorious	25408459	
Convade	74882996	
TheEulerID	16180544	
dgardner	10033725	
JeSuisBelEsprit	111420166	
JosMCas	277516577	
MagooOchoa	133353330	
bitust	172827605	
JohnSimonds	183135	
Hyeri_Dol_E	410730677	
BSHalpha	410705155	
purasoku	183613775	
MurthyReshma	417310016	
mpjelle	127532446	
ahamrud	5311753	
jhiguita66	73849176	
morose7	181809647	
Cdt_Sylvestre	237726854	
KarlStlaurent	405225673	
10903	33257709	
hadoualex	10713663	
ToyohimeKenjioq	411291173	
caobianji	375754235	
no1rabbit	223441764	
tuzitail	225195815	
emptychair1	224667579	
michelehlw	4282005	
ceciliasotog	66282605	
OHLMK	385142500	
hambakgum	191472418	
WilliamNorman	1733458	
Andy_Croy	407492275	
Jay_nar	416657878	
StephBarry4MPP	290318233	
TedMcMeekin	84586641	
mediastrings	20381975	
kkururu	228382858	
RichardExell	276733663	
ThijsNiks	4582800	
Sywert	7620788	
sibukubi	248983692	
YungRaber	413331737	
minjeong1929	236852378	
luki1945	377304641	
vielspasss	140570760	
S_JH0526	155479895	
t_mochizuki	76843216	
Trend_Bot	53403342	
zunkzen	8373273	
FrancescLlorens	27185413	
annlytical	105986112	
JiSeokyeon	130263181	
SHONO_SH4N	259625102	
Ruri_Gokou	147020425	
uda24	95098066	
goosk5296	374491241	
cuidandosfs	227709304	
odiziaka	404705299	
newsplus2ch	195760458	
_usual_suspect_	394588825	
dgtman	107101466	
mitate1123	109775595	
enzetu_bot	279300278	
thinkingtax	398551994	
valfaj	20009666	
fischer70	147480270	
financeandKM	372463531	
romuska1	82173018	
b2at	19655495	
taro19710312	248299811	
sachiko324	401385244	
PeterleeNASUWT	259730696	
TyrfingB	267942920	
kazugoto	75552048	
gareth_in_blyth	188250893	
panasonic	165048	
northerntuc	126116329	
canada_m8y	416132538	
casimal	409865212	
ohmy12345	364255245	
sjlee31	200887611	
pje6252	256438388	
portaildutimbre	258432754	
sophiaparker	11800346	
EUDevNews	291422802	
SINNER_woer	398273916	
MarisaSterling	378618183	
CHOOHYO	146580424	
MokubaSanzoqp	410351392	
SupplyChainMgt	9627022	
OhLesTimbres	71187013	
Theresakaren	368327783	
SmartFoodDM	223672248	
mkoetin	417165889	
Jansorian1990	124218542	
CharmingNo9	398986184	
yunnjjung	249302420	
Baik9	385796040	
lovelyoungg	218531934	
MN_wm	219746011	
kzaanfever	371328973	
Snow_Crash	1365976	
Neinusername	163199357	
shohou_	238215952	
kWsaver	123296764	
psAyakO	71947296	
iriswarrior	238334045	
MEMA_HB	101452127	
MiyamaGoemon	384841303	
iSkyAero	366512014	
mysolutioninfo	46450112	
ABIRA_UNKEN	400941599	
Seedhyanmi	143456408	
judge249	81926060	
DABailey62	396175342	
odtrnjschd	233401004	
ReydeNegras	12456168	
Lym_GosPeL	414965313	
Peterlee_Navy	276303303	
serin17	120248185	
infonetenergy	413597280	
chinanews724	126786530	
greatgodfrey	36061413	
Chris_Bentley	6201888	
youngggggE	181656418	
xteen143	220706703	
skypinkai	249016039	
Abbi_Cho	189367787	
christine_innes	187684212	
MidoriT1009	111156078	
cychong	3183240	
hshdibo98	354573342	
laugh0419	97674377	
by2areum	174902200	
FukudaNao	85203402	
eJyHyun	360513995	
wowsh3448	368555583	
KOR_9S	116364457	
JK_Back	231206596	
moohando	22792634	
dou4D	289736882	
Russa	1970507	
osdrbae	53164435	
tetsunndou	188153263	
JudithGJeon	260787555	
maruma2727	132110800	
aivak76	269750684	
Sylphirit	270117906	
Ex_armydoc	138549991	
yunhoo94	184629797	
tensi_Ju	255476255	
nam9ryu	163410972	
gsuscastel	411043535	
Kyeolgun	29457598	
Laophobia	394105357	
Ejjjzjjjj	357836631	
skagh123z	152129748	
otofutan	272376701	
egana_christian	397753589	
danchoo22	355660295	
Activism101	11312864	
mukgurum	146223781	
puom99	210274212	
dreamgoodthing	211962917	
hal0_0lah	222043061	
arges99	153074177	
immai4i	178978987	
rebuilder17	197395446	
jolielsh	125738092	
DarkLuciferU	107826010	
ragrang	145292253	
SemicollonN	136432898	
sasakichan_	286703771	
pusungwi	163463119	
Medic_LCM	275237932	
eternalKou	132630078	
RhyGaller	118624888	
apffhs32	133029215	
sople1	90522850	
Ren_bluemoon	146887701	
Rubik_Orange	124500433	
BY_NT1_S	407203751	
Novatatis_HJ	192963470	
Poet_Sonnet	160883119	
_gaias	209059724	
1bsm	93665404	
KarinRoding	250840550	
dlzk27	363329550	
2ch_matome	53933557	
aZKaLMaRHaRDNo	364080333	
arkleode	102981041	
iyooha	69612327	
gpintobass	414652782	
antikey	37318687	
NeK0sK	128711822	
RachelLevy84	232278014	
jbelfontaine	934962	
TenaLudovico	363229361	
cnbrknews	139668742	
morichihiro	383346399	
ExpatMarketPl	85819815	
MikeKellyMP	355364731	
7thclouds	96099548	
westernal	182045874	
Premordia	83246888	
CBIprogress	403901308	
sharenewsplus	229222276	
bicoshop	277856461	
wardlejon	84486271	
yamato26840	80972235	
tarkankaynar	32413105	
Jrobzzzz	110565084	
jemenoccupe	82213562	
peterward2008	78732101	
yazminperez	47643600	
nicolatuc	181082104	
AMG63_YOON	416995965	
seichi65	50256661	
gnoll110	39170	
itxgd	25533576	
_Education4you_	377799484	
tigredeltajin	114486994	
anuragjaiswal	35808855	
EuropeanUnews	83063550	
emirenah	282450323	
takedakoshu	104023724	
Betsa1	390871348	
PasqualinoMare	388576583	
Alcvdia	375792262	
ceecarloslopez	395582437	
gomashio107z	155954957	
takochu_com	92882233	
Sustainable2050	86986435	
econbuddy	220256698	
netuyoplus	194228764	
dancenew	15418218	
jmattos2001	9253972	
bookadjnow	104282971	
MarekGootman	261399667	
GF_Aran_Raggio	148325486	
newsplusmin	233633941	
SLatorreToro	376605194	
marivsgomez	232116899	
Plaid_OECD	410348887	
jpwinkleri	24925886	
NikolasMarr	384431859	
mgrass1142	102367595	
pmgflores	26240360	
VPlessky	280620399	
ibanez_cata	208017851	
carlameier	17052713	
bunshok	389320424	
FerOlmosG	204043134	
zezengrilla	32198927	
psmoya	142208348	
javierpisheli	137177554	
AlanCarrascoS	128212581	
guajars	12201264	
mwaissbluth	26670379	
TempFlashback	185773142	
paulvieira	4702583	
djfxtrader	352255849	
CheshireDale	137901991	
d_a_d_v	282627807	
iamctodd	1549562	
Alvaro_Vergara	256342907	
bradleydaviswsj	261674516	
avilarenata	7597165	
Ivo_Digitweets	185633150	
DGateway	21606002	
AidData	98796311	
sofiaveline	167047402	
SoyViggi	21649993	
dlopezeyd	397885898	
yolandaregodon	235379562	
fugafugaplus	273824871	
rsantana71	116022685	
BrendonRonald	416670749	
ronrics	109122965	
contrafactos	2486622	
Bokkoooo	280744730	
umm_abbas	268458392	
federicod	3684336	
MrAlababala	118937427	
abigailgilz	175052566	
zucaritasyoli	274037265	
DebRoseveare	151193041	
duenasnava	115232317	
Havi22	80395023	
raymond_marble	26848092	
kukkaro	87086718	
StephPachecco	207586677	
MarcelaAlt	119059158	
_aleeks	89399022	
FAldunateM	389929758	
ocdeenespanol	81080699	
LWDHF	356730676	
StreitCouncil	92889074	
mrss0212	218137515	
290_aki	274888870	
HartmannSonja	389581571	
Kaschiyski	179213614	
prospectivamx	377993551	
ChrisSchmidt123	405527625	
nimbusxv	13517197	
ARAKAGE	288182625	
cannic	6958132	
ForesightNewsUK	4744854	
InfoCompetences	179850539	
SkillsInfo	180918830	
TECNOCO	27299346	
newspunktch	380629196	
sloughin	166907675	
mzinshteyn	28600376	
habbard	216937981	
hiroi_	60845339	
parkhj0218	245998590	
ginadelafuente	135850811	
rjop	45722265	
Joyline	1665388	
efloriv	2072785	
seoulkoreanow	270397330	
ItalianPolitics	32909763	
Edourdoo	4323942	
ClioConsultoria	53780140	
sociobservermex	176796379	
mycity_search	124293756	
Yoo_JaCha	123445961	
JPubbEleApNews	101795096	
ffarinetti	27748176	
pierrepetrelli	213535671	
mtaarao	3799747	
MagalyBrodeur	356050548	
Doctor_Thom	202776459	
AchimMuellers	2046800	
RasurasuDonacy	386854249	
GlobalEconomix	264264637	
keyecstasy	94068403	
_burak1907	382645842	
KaderSevinc_CHP	145348345	
nagai_yusuke	354403017	
awo2c	164302367	
museoramuse	182170189	
wavesblog	256847166	
katrienepien153	144540784	
SalesServices	354667138	
PrinceBertho	414168494	
jazzvox	882891	
JeromePetigny	363364793	
mitfeed2	71466880	
NorthRefugeeCen	410720821	
Alkooj	222489634	
AfriWoman	12636129	
michio_mukui	79488807	
hyewonkang	110628450	
fuse_go	277049639	
ConvictBolt	415605448	
5newspaper	377821191	
GubernaConseils	406371065	
Factorx888	408040778	
Jerem147	415543346	
hiro1022_tw	163146692	
redaifrc	259974766	
meripu	363196371	
Sicurezzaonline	80016115	
svilladiego	66021501	
BPommeraud	357592493	
alstrupnext	354412202	
UnitedWayCanada	261066050	
kostasgeorgioy	194954754	
joelvirgen	134767837	
DavisPlotnieks	152342536	
rontyan2525	72020366	
jloresecha	25256771	
BMFNNews	256853967	
GBHEnterprises	375339288	
hckngwhgs	109734068	
Charlie98022	97170377	
cloudbreaker555	189791699	
PlassAppliance	106082117	
CNCompetencia	124241347	
theotriangle	217118361	
ulasakincilar	406799104	
RANsquawk	18982893	
greenadot	264641208	
SimoneFoxman	5719839	
Makro_Trader	194824470	
tradedesk_steve	284855939	
FGoria	10693280	
19721026	157075031	
CKuziemsky	351171511	
janicemorphet	406278175	
robcastellanos	18634421	
iotgonbat	403915390	
axelthrelfall	212298062	
Wilthagen	79682948	
sutherla	9513486	
ferroufly	131554139	
matilua	146045630	
ciie_upaep	79061621	
tipitai	5029025	
a_martinoro	412850757	
americancenter	30014101	
Grace_Ivana	52797707	
guillevergarap	359752886	
MADforpeace	13630875	
mbomba	14571468	
oysteinj	177407	
ciudadano2020	149578118	
jvallejog	10749793	
rosemcid	49342292	
heangkanelle	369702648	
charlie_hooper	59981618	
NatalieViselli	174741061	
hdevaulx	39134277	
shendannisaput	28762600	
NathanHutchings	128942451	
aussiepollies	363868595	
icendesire	38125389	
akashishoten	287704652	
Vanalli	238816	
Bertine83	149148431	
JustmeFinch	408821059	
taylor_washburn	378329775	
nautyinaccra	149944605	
gukgelon	108524883	
nanawireko	103096190	
wormhearted_	403422988	
benita_rowe	377864473	
cbm1971	92486394	
NeXTvalval	123720117	
tradelawyer	10674701	
khw1282	147352758	
DrDaliri	397692776	
Psamathes	117475119	
platinumshore	144774047	
rafaruss	127413460	
siva0cipher	178727469	
kikidiary	93084433	
YH_Saiya	275943516	
aram_orbelian	356416434	
OECD_Social	356550057	
DonaRafaiel	86558369	
MariliaM	3818309	
UNjobs	16867576	
mh120480	8643566	
theobhe	98783851	
100mLIFE	363170343	
KimSaxophonist	249781526	
DaebongH	410698808	
JobCentre_Unife	163866809	
UNjobs_ICTs	380868036	
sookt2	149213362	
dieKadda	3898879	
sarabandeeo_sub	361186796	
followAPEC	220059058	
fishkinivan	116186624	
juneho2615	151643114	
fdcvco	85585202	
Zodiac_13_	271628818	
hibiki_1984	169058906	
benequista	256317785	
yukil0	190766977	
pure1971	169947730	
y_keohwan	145091359	
rajeevradnair	32441619	
skn21c	124437536	
bot_release	131509123	
ruilove0408	154140803	
comtoshi	240169791	
press_release_j	274498844	
machiba	37572715	
BR_Rundschau	405975871	
OECDTokyo	82676278	
win2x75	383663774	
Panasonic_News	290404036	
dongmaru	144871193	
bunnyatake	91790623	
SJN_News	91010523	
r_woodward162	361480315	
fpagani	5681354	
travel_brl	284974046	
JaySensei	20491752	
jamie_love	7661730	
wrs217112	181534467	
asteris	24972	
SalanietaT	414337645	
valswayz	238225353	
best_navi	273237317	
b5aktuell	25852904	
abuqayyas	9802032	
untan_rintan	189375489	
m_twi	128872746	
yavuztopalci	169533507	
IEUofA	91921747	
noodls_sHouse	210672591	
noodls_sLeisure	210686401	
ide_jetro	169316834	
Verena2	416658724	
HubertSickinger	25998984	
doraneiuos	113777284	
scil	47265131	
YakamiLight	143751994	
ollwowllo	230592458	
GraciePriceo	144316123	
Aubryin	141098400	
coyotegris	22941130	
latinoamericann	22097010	
PhilanthropyIE	413359320	
Jasminrindy19	136429910	
Cholebokie	143391859	
Everaliy	142725955	
LaylaRussell	145090148	
newsintl	26437927	
germany_news	4099402	
eXpressAntwort	141578038	
SpreadsheetLIVE	87254356	
benjaminkwak	370336626	
dw_english	15354634	
RANdOMcafes	261712655	
quinnmacdonald	63937497	
ynomadcom	60188099	
mocha2world	403503510	
pookysara46	416611762	
dailyjeonbuk	85568146	
si2mugai	288208846	
nakasoune	172733199	
akagisanzoku	149202594	
punic_apple2	261212142	
cmusician	234073135	
zuzuzu22	358474934	
joyhuh21	34511266	
NRJFX	277619227	
TodayHistory_B	361318283	
joanalyst	102998665	
HoEJANG	172072712	
DaveRyu	25243458	
hayato1844	181181292	
hyee_haw	149463280	
caseygonzaleni	354437828	
mbellod	120303560	
arturoearayar	362984631	
comoffi	34822728	
LiveWordCanada	169798229	
herobe7	381070798	
opPolitics	266576467	
ode2youth	393086645	
cardmap	381167944	
asimasik	209534904	
uchyunwoo	221144343	
Vshame	183864656	
SunYoungSSu	378679169	
triyazu	404960120	
kimb_01	96041076	
DocAntK	107137983	
IndefEconomics	206584852	
takahihirororo	362990034	
dsjeon	28865075	
Happy1004Jun	371542829	
sunshine_Ri	406776981	
InsongChoi	416124841	
lowmind	12367094	
kninjya	109514002	
world7js	224113671	
pitchanita	32095254	
nanjotoshiyuki	91152893	
realterms	248695178	
israel_gutierre	103379261	
shnamsh	135152508	
Okhee_Kim	365009542	
nurison	33492821	
TheHubLA	75257340	
copipegetter11	129818436	
Nicki_Doyle	63689230	
gimio	80643467	
omaralpuche	126724384	
VOAChinese	118015	
chickeee	3541489	
futuregasm	5202320	
tsuyo0618	103228957	
cultgovernment	759762	
m_s_collins	187452757	
discoder_x	403405134	
ChinaFreeNews	22594521	
GracielaMariani	116470458	
BennyCallaghan	36023474	
AnneKnock	87174777	
qianjin2012	259038534	
MeetChina	213451338	
Horviken	24103845	
brkchinese	96075859	
luojieshangbao	111465387	
PAC_2014_2020	234609606	
malamaikaaina	202464917	
MarketLinkEu	101471664	
x_Sufi_x	355645897	
HayashiS1972	206190327	
fcoronado20	41691980	
garciapmn	184253752	
HQComoxValley	138473036	
j_alpuche	143292263	
pirozhkovich	222854375	
jewel_chan	200151314	
kristinclemet	35020445	
Miguel02	13003958	
BoscoMarti	229142570	
bloombergview	199834725	
decentralimprov	401392373	
adamekonline	196821826	
kweitzenegger	80057410	
innoid	204681406	
ImproveIn1	397719141	
ayahromakh	352947289	
chrisedwardsesq	227781515	
went1955	103743401	
AmaraSt	142351418	
saudade0225	140358748	
endpoverty111	378613009	
mixelitasmile	256496693	
alodium	6684477	
bnasia	217325841	
IglikaIvanova	351150419	
Bibliotecaiiec	64425224	
Kader_Sevinc	248579886	
ecgistheone	206417013	
JimHarris	625299	
edwardinvest	108669953	
annuitiespros	98627557	
dulcepeca	402693150	
Carolyn_Bennett	18229003	
VanierInstitute	101897190	
inovationJapan	409999716	
Hintyjox	281900831	
Jousesgd	281581453	
Osvaldojev	281581400	
Marciavwc	278273565	
marianaarechiga	122085549	
Leighemowc	399304623	
shdoh	110901512	
Benisbossy	54574796	
tranzM	144262574	
iilikewind	409211159	
RafaPetunia	11899291	
josefreiresilva	416260891	
ESherwell	211791036	
OECD_Washington	356545595	
EspacioOEI	176925076	
SPlataforma	360878833	
zonarelpe	269894115	
dcampelo	25823884	
tofukado	88596678	
Wemusthappy	415115204	
democracyis	84673222	
jimtankersley	111218760	
HighSpeedster	402542766	
TP_Idea	186745352	
DoraHansberry	393883371	
AAgent24	290404590	
DarleneCreston	395582747	
PatriciaLondon1	395579021	
EdnaWillians	397233541	
kathleenHanniga	350942578	
JoannWarino	395578650	
CynthiaKelson	395577714	
DTNIndonesia	147862529	
HuffPostFans	415845371	
soul_mate4u	179132206	
Future_Kiddie	257970601	
ssikie83	145773512	
sonakbii	98790557	
RexBrynen	22628398	
todaychace	208408573	
sk_yasai	241056975	
aiacae	13844358	
ase321	388299112	
nickilindberg	273442497	
himittukiti	160290802	
dilekalm	406231777	
mp_franco	395440816	
OECDlive	353646241	
marbunwis	114746097	
jyc109th	97867966	
iCharts	1616115	
FT901DM	112412106	
jeffletourneau	5865830	
foryou8282	407707983	
Eurocentrique	3461448	
shinjunguk	361613140	
dml	5589010	
Basedow1764	25113960	
OpenAidGermany	230696330	
david_pozo	72883832	
DW_GMF	7645720	
yusukemonkyoto	135733311	
Tobiasgerdas	3826895	
Bank_Governance	32402375	
jeonbukilbo	176388710	
Bloomberg_co_jp	395526834	
biznewsjp	402068110	
Water_Decade	52850733	
ken_zui	147357162	
Water_Decade	52850733	
Water_Decade	52850733	
MrMikeDuff	120037376	
LarsPeterSvane	149823192	
kikiyui	104743924	
abananacreampie	100212041	
pr_seiran_japan	292237702	
market_online_j	91242074	
silber_kurs	259930159	
fxitizi	51493771	
klugklugklug	79077141	
torakumafx	226806891	
infotectravel1	358938963	
DickPassarelli	411300236	
ZawyaPR	228858112	
Caufrier	10344563	
Dubai_mylove	254175281	
Lorrainejuliet	383311737	
twinew_bot	196461611	
goldfx777	100670183	
OECD_Centre	60161687	
norlingfinans	142871881	
goldfx777	100670183	
HYTSKRI	358553519	
biznewsjp	402068110	
rayo178	360518377	
fx_k_news	188255756	
kawasenews	91169759	
Puppet_Buffett	145131152	
gachian	153910485	
typresent	198181669	
hanayori_dango	100963391	
fxers	184125659	
OECD_ENV	71921739	
toushirofx	130771282	
didfx	373584671	
aea59	17318267	
africgovernance	192508945	
2PMalllove	360675828	
middleeastevent	404584040	
954listener	82168952	
yosi_0701	122382745	
martinsrss	141584560	
dcgguide	9520734	
EUconference	370014027	
AERONthusiast	283216682	
santinoregilme	101307500	
smartfinans	203160990	
MarieYared	276893211	
newenweichan	22212007	
jardinsdeliep	419276501	
koteAlvarez	64990790	
Juanfradelgado	2521286	
yaliabramson	190484196	
Robert_vc	394590258	
patriciorosas	20189537	
canessa	5490887	
dmimica	776115	
cristianangel2	89772969	
OLGUI_PAZ	161551729	
felipe_888	259387717	
I_EMERSON_I	420815369	
caldeROCK	34543173	
MasCienciaChile	159147084	
lizdelmauro	386163810	
cibarrag	25545411	
cgtorres86	33461211	
Rbrito2011	417847372	
AlexGodoyF	49828483	
Luzma_O	381514982	
Luzma_O	381514982	
omirones	10181615	
GilbranoS	6677207	
Juventud_PRI	266395057	
maestroluis	7334249	
RaulBasualto	127002688	
criverapaniagua	63349872	
jordanmonstre	357333210	
ramon3434	10868190	
Joakin_GO	128914291	
RevistaSumma	116047507	
vicdonoso	104186980	
AcevClaudia	286973144	
TurinBard	14596392	
HalunkeValnor	74794029	
luchostein_cl	160131507	
Cosmonaut_Moz	225352762	
pato24m	292826067	
Joseluisgalego	271543609	
IgnacioPavon	128815958	
guenumans	125866441	
SebaP_	199177050	
maxejara	281870498	
SebaP_	199177050	
_heypartypoison	407624176	
FcoRubilar	91532593	
CarolineAsdf	175289649	
concertatuitera	399417586	
KidT	504132	
Robert_vc	394590258	
Ratasantiaguina	91476189	
Mtojuanito	71781741	
Mtojuanito	71781741	
Mtojuanito	71781741	
RosarioMoreno1	279380997	
Mtojuanito	71781741	
ximegui	4930907	
Mtojuanito	71781741	
miss_paupau	145296357	
computadorviejo	402348098	
lexfiscus	420550028	
gonzosaset	69351923	
herrerillo	200327295	
mpm2	50553376	
mpm2	50553376	
SEMARNAT_mx	252242109	
Cosmonaut_Moz	225352762	
Cosmonaut_Moz	225352762	
manuelisidro21	118172925	
diarioactitud	247170550	
enfoques365	76588934	
Alansareagleeye	262961423	
gus_geek	211897438	
Ricardo_Faundez	419107643	
iranribeirotw	78021940	
iranribeirotw	78021940	
iranribeirotw	78021940	
iranribeirotw	78021940	
RodrigoMunoz_B	148227062	
iranribeirotw	78021940	
RodrigoMunoz_B	148227062	
RodrigoMunoz_B	148227062	
iranribeirotw	78021940	
iranribeirotw	78021940	
diarioactitud	247170550	
xavi_kun	121602510	
pegicor	72624598	
FcoXSalinas_	406612986	
Lord_Mammon	394801769	
sergiocanalesv	33110459	
ximegui	4930907	
tjaque	81034993	
aloisaporres	248130978	
SergioSepulved	117417504	
todomecarga	102190571	
MLastra_	416344311	
PierreFrancisco	102982979	
PepoCardenasT	354915157	
mgoyenechea	130904836	
adolfomenagzlz	229697185	
jarjouous	399752779	
ebrima_king	419511110	
AgustinArieu	266657359	
AlbertoSalas_	280490512	
rhoyosm	99936191	
rhoyosm	99936191	
oriollloret	58609	
jacardet	193071611	
taitechu	106523439	
joselurro	360148730	
luismi_barral	234747204	
GonzaloBonelo	269882626	
etoileblog	63837707	
Ton_Pachon	29484193	
hervegastineau	75459583	
virginiog	16428860	
droblopuntoes	68958716	
alellama	26462870	
soropositivoorg	21210574	
ForoBolsa	405720680	
RaulBasualto	127002688	
RNunezMorales	102141489	
enfoques365	76588934	
alimalia	127269253	
adnware	148043619	
astorgapablo	272511277	
kenaes	156223352	
linazza	164288769	
ClauFierroG	370762585	
linazza	164288769	
VOSTANOVLENNYJ	85919855	
MagisterioChile	137043162	
LTPLaFlorida	277683370	
MagisterioChile	137043162	
Un_Voto	156902710	
laagenciadc	410983732	
ursulasola	126035825	
EcommeENFANTS	406354395	
letcaraballo	25824818	
AnaPrietoNieto	268844962	
guidoruiz	402653398	
guidoruiz	402653398	
moralesjp	22845559	
xavilira	102167310	
lucaspueyo	247783176	
barbacoa2021	381264762	
barbacoa2021	381264762	
rebec057	407568513	
gogoMV	377941266	
fuerza_fem	257054897	
OteroBada	231255844	
Felipe_OyarzunA	25114910	
Daniilais	32470844	
Maurmass	33097040	
Crismarcosade	408657609	
aespinoz	30152765	
Krst57Lucy	292057218	
SiempreWarrior	412377226	
carolpohlhammer	87380742	
jchains5150	244074876	
Mrhugomc	249578883	
KariR09	21088003	
atencioluiz	119882897	
npalaciosopazo	165696552	
matasanos	1918043	
Felipe_OyarzunA	25114910	
franmolina3	105034878	
omarmatansero	113074046	
DezaKuzmanic	130660499	
Krst57Lucy	292057218	
Utopico_14	230541388	
negisdead	102287355	
Milton_Edwards	12685189	
mgoyenechea	130904836	
lourdeszuazo	110903177	
juaolgusl1	358924156	
claudiosanhueza	36881539	
vecinovalladoli	276046567	
Kalysis	128797208	
FranciscoJav363	351703571	
M1r6T18o	219659006	
glabatut	223754077	
aere_org_es	382818469	
NDenniKrichel	408797335	
tazkaulitz	93024634	
NavaNegocio	103046376	
semaforoenambar	111948210	
marie_vallotton	395456650	
rutevera	3468215	
KaitySophie	194170274	
dontriana	11956219	
anoriega03	181528786	
JZarur	25840260	
lalito_o	102177324	
magdalenagil	100941714	
viriluromero	148695766	
stupidproffesor	416227659	
mrfredes	268426451	
fuentespatricia	238597462	
SergioSepulved	117417504	
JoseGomezJara	141032976	
cbhg	11879023	
politikar	290835699	
TeflPrimary	413923387	
08willy08	171489656	
Pauli_salas	143972280	
Marianapennab	378007874	
moischerem	137177928	
NtekMagazine	18018024	
fbaezurbina	389175445	
ValeriaEcheve2	383563682	
YiyiRodri	414132323	
dmanoucheri	30157666	
YiyiRodri	414132323	
ValeriaEcheve2	383563682	
KikeSantana	11868193	
Trends_Mexico	399495290	
KikeSantana	11868193	
pablo_arce	81030800	
mgoyenechea	130904836	
Yessy111	90632439	
DOLTEG	85745593	
EduardoOlguin	91625914	
mgoyenechea	130904836	
alesansan	100542590	
dmanoucheri	30157666	
bastianfedez	79988329	
creepincita	158945782	
mgoyenechea	130904836	
FelisaBisbal	372964306	
mgoyenechea	130904836	
felipedice	179856717	
EvFritz	122749611	
Uni_001	101825639	
bastianfedez	79988329	
LD_Marcos	137459259	
luis_borjas	54744757	
LD_Marcos	137459259	
k_zuela	418453480	
bastianfedez	79988329	
CANACINTRA_SLP	111969237	
bruixeta33	224293616	
erikamartinez_o	142684885	
RaulBasualto	127002688	
RaulBasualto	127002688	
PTAsesoresF	236345474	
pilaradell	197943387	
ALQnews	416176942	
Wsaver1	277467664	
ForexMG_Signals	101928219	
fernanddos	188121295	
alioshak	20749108	
batresmiguel	290496533	
xepiti	154483603	
alpeca	20215852	
Sebastian316	357311455	
Josemayk	193967112	
juanphd	372243347	
juanfratic	149432013	
Critiswiss	274257879	
JordiJubany	16769577	
SebastianChacon	400680512	
PACTOGLOBAL	62463537	
steveweitzman	40197044	
neweconomy	752211	
jinostro	12110648	
alfmella	20757923	
dilefante	249820949	
PACTOGLOBAL	62463537	
lightlorena	369350037	
cacoalvarezy	209806782	
bernardsolidair	50754961	
PACTOGLOBAL	62463537	
chmjsk	362278843	
Betazoide	204899580	
sisdeva	406325397	
MarioiraM	39522796	
mmvejar	263134200	
consumidorescds	105155580	
WenaChile	149336586	
SE_YUC	392651407	
aritzZ1	379813544	
ceuropeens	53079460	
mirjossbom	356559145	
LeCompteARebour	287851478	
noticiasmercado	123754492	
essbio	100140657	
steveweitzman	40197044	
craybest	205248886	
FranciscoJav363	351703571	
NewsPressInter	140556254	
55Consulting	140635022	
yoyigo07	395583749	
Pegaxel	400644336	
Wally_Social	410876083	
WSarai	143279181	
gonzalezmam	26729371	
jfcardenasv	146818432	
manuelubilla	29454613	
sl_rc	29628996	
infolideco	378056568	
ginniasa	64176888	
mentegar	86167773	
La_Costanza	152734433	
cotemomes_com	17183385	
inv_security	117026044	
BCNmyapartment	263275815	
ccilras	138397345	
inversortrader	197796825	
macghazz	27404903	
MrMikeMobitec	288796737	
CastilloNavasal	402840391	
asesoria_fiscal	123071184	
msojeda	375679797	
neolectum_goods	38026100	
elAlcistacom	356833206	
evapatriciagil	60047817	
EmpleoFormacion	16612664	
bolsalianet	185135267	
CastilloNavasal	402840391	
edusost	250199884	
DIRyGE	61787271	
esUltimaHora	260313317	
e_CONOMIA	118618034	
GustavoSBR	34774114	
SOLFIN	80782374	
ensenyamentcat	204681829	
CaoticaEconomia	359752231	
elEconomistaRSS	147997049	
CaoticaEconomia	359752231	
jaimepereira	14855259	
notifeed	16051873	
NoticiadeChile	257255676	
LuchoLago	18981124	
icacabelos	155157105	
europapress_es	112601391	
Noticiascom	71595630	
economia_feed_1	265232044	
CarmeladeChiloe	404178601	
Sherrinford77	418307964	
tiznao	161296101	
marioriorda	70243625	
4lfredo4ndres	76101553	
CLNews_	397423471	
Nalambrico	397351527	
EmolOnline	382121834	
FrecuenciaInfo	280165152	
lavozlibre_feed	91001146	
StannleyEstrada	284404732	
CodigoJuvenil	51857629	
NoticiasSpain	275424648	
invertia_minuto	246140997	
litoallende	162794334	
ArmandoRomero_	139527330	
LeoTomasM	410166249	
TwettdeNoticias	356240531	
PrimiciasNewsCL	361216566	
DominiqueC_Vera	289209325	
informatecl	282681637	
Juank_Parada	103550071	
DrPINGOLITO	178758384	
Riveros_Lucas	289594992	
nosoyale	45159174	
economia_feed_1	265232044	
Videotiendacl	131454398	
NicolasMagner	368806425	
GuillaumeHache	284165295	
SakaBrasil	410065660	
FinkRafa	281463826	
steveweitzman	40197044	
cdtlgrandas	223888367	
CTABruxelles	60674120	
FloDaria	146596	
Zilizoxie	276364347	
WWFFrance	8825263	
OCDE_francais	107616124	
peggyb	39593392	
tunisieinfo	153601621	
superojas	129275466	
wwipeco	182500137	
gonzaloelices	361453286	
OITinfo	402790286	
joseluisfelipe	85744271	
alvaroroman	41845905	
CRinconM	255629285	
EurActivFR	5012110	
Syl_____R	234152783	
neredar	352219721	
netsitios	52515747	
joseluisfelipe	85744271	
alvaroroman	41845905	
CRinconM	255629285	
EurActivFR	5012110	
Syl_____R	234152783	
neredar	352219721	
netsitios	52515747	
felibombastic	156074816	
twiterchile	384788941	
CLNews_	397423471	
BiobioOnline	382097229	
JoseGomezJara	141032976	
pablosoriog	152060297	
LF_Salazar	139794794	
papurricom	124893592	
CeferinoMachuca	260733210	
Amanda_CaL	387614956	
SoydelaUsach	251476240	
CeferinoMachuca	260733210	
ConejerosPau	216077178	
ericbaez	637357	
realtime_swiss	173048217	
GermanSR_	284208260	
reneancar	36074732	
reneancar	36074732	
reneancar	36074732	
Dalilo75	366064675	
reneancar	36074732	
dmanoucheri	30157666	
stunam	95807318	
aloisaporres	248130978	
clvelasquez	85978435	
crolivar1	239719086	
MaxBarata	91494431	
alejandroarria	102404064	
FelipeLlanos	26547926	
marielisgarden	102779273	
dmanoucheri	30157666	
PWQW	101436695	
edofaundezp	385063276	
edofaundezp	385063276	
mcasanueva	34410246	
maurycea	86691095	
Angel_Her1	384723668	
jpcarmine	144855143	
jpcarmine	144855143	
priosl	119708086	
AmarranTa	25666601	
Luzma_O	381514982	
Sicoticox	136083646	
donmatas	87398572	
alonsobarros	99467696	
baciciaIde	185822374	
nvaizquierda	138584131	
PAN_webteam	376349672	
ngelamoreira	386717190	
TUACGuidelines	367062846	
Joaquim_Monzon	381833380	
delarepublica	9194971	
primavera2000_	93413088	
freakyfly_	418035585	
sebatiano	99458535	
Jota_cl	85860761	
daumkr	75590561	
eltuitere	142311404	
cpulgarpinaud	188008356	
MagisterioChile	137043162	
amke84	217132802	
Chivy7	79120741	
Zurdeke	385816977	
kilaleo	34279074	
rodrigonaranjo	36390941	
cyberiousFX	26811804	
trolky	213884490	
pcollaog	687	
focling	99721787	
el_dinamo	158961012	
rdesouches	400481996	
fabianmcd	88752125	
rlagose	211179988	
turca_jo	290884580	
fernandorocha26	127680155	
WSarai	143279181	
Daniilais	32470844	
andreamapola	381647800	
nvaizquierda	138584131	
pau3ros	397383576	
eduvergara	60390016	
PACTOGLOBAL	62463537	
Vixtry	379178157	
lachina_chile	92198691	
alonsobarros	99467696	
favilesf	154461382	
Lucho_Urbina	352934132	
nicosepul	40816332	
jcjorquera	27830867	
Vilmacl	122229159	
raguayor	63727452	
favilesf	154461382	
Lucho_Urbina	352934132	
nicosepul	40816332	
jcjorquera	27830867	
Vilmacl	122229159	
raguayor	63727452	
Movilizados2011	289262462	
nataflaguer	63852479	
Josemayk	193967112	
guenumans	125866441	
JAArdavin	102174494	
jmansolea	151865315	
Copitox	4653669	
baezaquintana	65031901	
agualluna	129746479	
lbaeza	379217235	
pcifuentesithal	57202364	
miciudadela	100208432	
xiafud	151311875	
Krst57Lucy	292057218	
carolpohlhammer	87380742	
elcataldo	174726233	
Ale_Chan	11342710	
arantxita	1218293	
Encontrapostura	91077848	
fdonunez	14690848	
JAArdavin	102174494	
sanzcredicaucio	373349794	
CanalesPaula	52195223	
steveweitzman	40197044	
elbalcondelmond	215302212	
pregrado_fen	131793253	
ernestolivos	53289645	
maliaga	19416	
musafonia	264990235	
karmencampi	137860660	
juanpablo_	16496630	
delarepublica	9194971	
osvaldoalegria	42488400	
nenehenriquez	158691231	
BLUREPORTmx	106176718	
Mexicanos1o	189944053	
Harold_AF	411819021	
jarceb	86081298	
edu_carvajal	206832491	
leogarciac	89906520	
leogarciac	89906520	
JAArdavin	102174494	
EseDepolo	27212220	
egaytan1966	121808378	
hfiscalistas	352359085	
osvaldobaeza	81206735	
blablapolitico	420067749	
DavidResortera	184265203	
indoxa	26177544	
yoopinopino	95175568	
PabloArredondo	5621838	
daliapalomo	265385119	
Canavieiros	32348582	
RominaArrigoni	387606345	
Cartarbri	356807653	
irisort	34714718	
mhgnoia	162261290	
omar585	74144400	
ManuelMexia	61560201	
BrujulaOndaCero	213417677	
Natasha260708	368148210	
pedropabloglez	402184262	
ocdebibliotecas	158013053	
rod_gue	120235012	
ulherva7811	92910115	
Kfer34	385719723	
silvidomsexy	358998834	
edwin_sanchez	34248137	
karinaibarra	20612142	
StefiRojels	264796199	
encasu	236404325	
rinrath	383436235	
QuevedoCarlos	402346728	
gonzalorencoret	12994893	
lauhdzmx	14089619	
sebastianicolaz	16940728	
gmundaca	21830527	
susanaberruecos	193671018	
josevelascomx	155159314	
ifal78	74655307	
FCenLucha	247770232	
FredSwiss	251886934	
exequiel_rs491	108968015	
luisdiazrobles	396415648	
Trends_Mexico	399495290	
DDay82	26927290	
ntzc	351610587	
Curvaspoliticas	20530	
strength_truth_	370827440	
Pajaropolitico	77111328	
Pajaropolitico	77111328	
etoileblog	63837707	
FIniciativas	103329399	
aalfonsog	49255146	
etoileblog	63837707	
aalfonsog	49255146	
FIniciativas	103329399	
aalfonsog	49255146	
ines_calderon	271745654	
JoelGomezMX	85893862	
Pdomingue_z	124366267	
gigiporras	170697571	
Revista_EyN	82245531	
Ecofrea	366147017	
sedtorres	419056539	
SwissPages	382863331	
excelenciacl	62593167	
24heuresEco	241591547	
Kavoil	378671325	
rementeria	36203652	
mkrauskopf	152801711	
sergeglaurens	92088737	
jraul_martinez	64959644	
ClaudiaUrquieta	31981053	
CorrinhaOliveir	387404879	
aristimunoherre	90218081	
E_volution	2494696	
FlashPresse	100530242	
kirahada	149950606	
professorsamuca	31820472	
vhfritis	162487893	
rosalbavd	211386108	
Cuidro	373851075	
MauricioRCozer	261395627	
Cuidro	373851075	
KineCaroca	121955944	
TO_DE_OLHO	21670510	
FCOMEMO	145198532	
ocdebibliotecas	158013053	
el_xexo	280914946	
el_xexo	280914946	
CIDODJ	29474548	
EriHP	49428095	
ocdebibliotecas	158013053	
SerpentOfChaos	417570766	
opcao_zili	190877422	
Pipoken	204551910	
IsraelMartins84	125615748	
laufeder	12650630	
andres_jiron	119554785	
VEJA	2351991	
AlexGodoyF	49828483	
m_mav	375844549	
Notwitarde	418672220	
sopranosprods	99756010	
andreswire	358877723	
GusRamirez01	139329574	
ABDWORLDGROUPMX	235775676	
consu_	11114362	
Dalayon	27936205	
Chik_Pizarro	138752732	
jsantan	37561241	
realtime_swiss	173048217	
lajugueraradial	104529642	
ximegui	4930907	
xteban	1675393	
cristian282011	269757555	
hapkl2	245718169	
PatriciaCastr36	380843585	
OpinionMarciana	102133462	
yoopinopino	95175568	
camimz	14941696	
NachoOrtega	137589424	
copeticoto	111986453	
fernegretep	186071737	
salttin	146510053	
ricardoterans	100715289	
iwgo	18673710	
IanBarbaste	405004725	
mariellais	402037705	
Petetita	86388020	
elciruela	128964119	
elmurodiario	114180955	
orson_yonwei	419928287	
ximegui	4930907	
ConcertacionRIP	419218363	
drousseaud	200501132	
superojas	129275466	
GuidoBen	94962487	
cecade_cl	357950618	
Fabi_pinguina	286813562	
Mattyll	90254744	
marcelajaviera	87834478	
jignacioolave	80792117	
felipeims	164306219	
miguelatrix	121144174	
hombregomero	194559747	
Cooperativa	118960	
jose_maritano	30529974	
RitaMundim	39883389	
RitaMundim	39883389	
JornalMercantil	157867455	
clickinveste	271593664	
cambioturismo	102328746	
seguroseriscos	113197752	
pron_noticias	13524876	
HulkMetidao	237321288	
DicasdeDinheiro	236177474	
blogLIBERTATUM	133812528	
despertaldna	274238083	
afverissimo	132245536	
luaniitass	191385690	
fdcstarbl	255737080	
dmperez21	11972349	
aduaneiras	49428575	
nikita_kings	27663693	
7pasos	61884682	
charlesthelits	139088261	
AlfredoZaitsev	188889545	
valeartigas	91191214	
CMoec	153188231	
Patolinsky	82362086	
sharpie9hukd	108916824	
chris_p_potter	81153086	
RedEconomica	287284524	
ecosb	86125007	
Drfelipe81	79994990	
paginarural	17707598	
Drfelipe81	79994990	
paulirojasp	24967798	
AlmudenaDiez	280073559	
OscarBarbolla	275811930	
EmbaMexFra	291005692	
carta_abierta	261960767	
assomdae	419470824	
AF_agencia	80265382	
NicolasDinter	407562522	
CCISAMZUSSY	22785170	
DIARIOAGRARIO	187624363	
alarno	2380637	
chambagri	124314479	
Kikomarinmagan	270455501	
rizosbill	39242081	
rizosbill	39242081	
Raquel_farma	273154584	
estslatineibers	166658915	
Nirnever	419838071	
LaTizaEconomica	153095458	
Farmaindustria	216245578	
erulu	11815875	
bizcom	433809	
MaitePerea	266952296	
gleterrier	146582355	
businesscommand	25037949	
VincentBarat	24094552	
VincentBarat	24094552	
miyermp	257282297	
elmundo_orbyt	101919630	
elenhitaES	250199917	
AxeSeine	419817888	
akemoi	34976366	
Ake_Actus	150597370	
fmonreal	383009979	
emilio_sanz	286100527	
jcukier	3722479	
ThierryLabro	279044638	
nolesvoteschile	286705253	
fenetreeurope	287232977	
agriculteur	70848630	
Thesupermat	81436441	
jodercourt	243739540	
andrea_vf	231386010	
INTERPRENSA	125625421	
Giniecita	333230	
andreslajous	10113124	
kakomarrano	13281284	
SgenPicardie	242625863	
jorgellavalle	249505321	
econtingencia	119609590	
PublimetroEcono	88656655	
hlianfuturity	85438161	
PabloCceres	139634289	
franciscadiaz_	204533494	
PabloCceres	139634289	
PabloCceres	139634289	
maurophelan	3517524	
RadioPO	232906875	
Drfelipe81	79994990	
kakomarrano	13281284	
RigoRoper	398611930	
claudioalvarez	51608925	
VERITAS_COREE	373340133	
IReyesC10	375446853	
Diego709	42243803	
luislastrabarde	357237261	
seebamel	260371046	
ivanguerrerom	64714345	
periodistasoy	142537566	
Yonhapfr	91999631	
rgaggero	19394267	
DeputeARobinet	75966912	
Vince75015	101057364	
araucaniacuenta	140049891	
FcoJavier_Diaz	386525724	
s_puchi	356446614	
MKerloch	270243138	
lamateur37	4273851	
camilazo	382821468	
Denis_Baupin	3669078	
Denis_Baupin	3669078	
conalepfresno	111482177	
franciscoyanez	13003755	
JosePepinPepino	285465275	
ProChile	54518440	
estfar	275770009	
guenumans	125866441	
WodkeHawkinson	352397432	
Marcome	2146171	
miguelurreab	2367168	
AndradeMagaly	395276546	
anonimoandreu	57542106	
PlataformaChile	403914633	
AndradeMagaly	395276546	
econtingencia	119609590	
CamaraDiputados	31718479	
Universitarios_	53458518	
DOLTEG	85745593	
dealgooderOC	192429019	
ecologistachile	52197895	
jyjy	137997	
tjaque	81034993	
Christribulando	206698174	
suberca	81718557	
Ibensan	259962193	
Krst57Lucy	292057218	
Itzelgvl	418955549	
Manueelll_UC	203099525	
Joctool	207745469	
MrMufin	210871913	
matemiste	166896812	
Bwv1004_0	282909394	
FRosasC	414292621	
FelipeCardemil	91304287	
nessyduloch	80783	
ignaciolopezb	32019811	
Josemayk	193967112	
apericc	90235295	
YerkoVladislav	381213761	
canal_chile	5758994	
FSIECarlos	391029137	
MaitrePhilippeP	258221108	
mgoyenechea	130904836	
HeraldoMunoz	225260101	
fukushima_fr	277076285	
IvetteJolie	87569069	
p0nch05	86951317	
svil3	277623349	
hunterofthesky	12514351	
Rafahawkeye	89881445	
MelaniPGlez	407520167	
pablo_a_gonz	81902938	
petrodom	23491235	
ThibautDN	18261965	
mquiero	87321428	
fcojofre87	141034857	
xuanphdinfo	407361597	
TerrenetMedia	75824901	
thejokeman2478	387266176	
valeduran	18662716	
elayllu	92529889	
Globservateur	238389352	
Virgilio_JR	239320296	
Thiews	46910530	
MarcosBuendia	60651116	
A_Rov	102931908	
Areteenergia	225731946	
Rodrigo_Boa	109697924	
SWMex	160177713	
AlanGBetancourt	132325455	
agudogasoleos	198468626	
pablorovira	38089359	
jmandaleris	31575974	
edgartellez	54365850	
AQUINOECONOMIA	122979702	
infanciasegura	418153103	
mariodelgadorzm	106022962	
AOMontero	31820601	
arturoborja	27338439	
rodrigogar8	413463996	
Marca_Personal	47175701	
mario_delgado1	141200768	
elcataldo	174726233	
mariapastora	27852	
CanalCorredores	416176991	
PatrickABASQ	404094219	
greenetvert	122041239	
Thiews	46910530	
angelvidalboldu	178912527	
stefosis	382118031	
FranceAgricole	26074031	
tjaque	81034993	
Christribulando	206698174	
suberca	81718557	
Ibensan	259962193	
Krst57Lucy	292057218	
Itzelgvl	418955549	
Manueelll_UC	203099525	
Joctool	207745469	
MrMufin	210871913	
matemiste	166896812	
Bwv1004_0	282909394	
FRosasC	414292621	
FelipeCardemil	91304287	
nessyduloch	80783	
ignaciolopezb	32019811	
Josemayk	193967112	
apericc	90235295	
YerkoVladislav	381213761	
canal_chile	5758994	
FSIECarlos	391029137	
MaitrePhilippeP	258221108	
mgoyenechea	130904836	
HeraldoMunoz	225260101	
fukushima_fr	277076285	
fukushima_actu	257323674	
IvetteJolie	87569069	
p0nch05	86951317	
RiGonLe	129001694	
svil3	277623349	
hunterofthesky	12514351	
Rafahawkeye	89881445	
MelaniPGlez	407520167	
pablo_a_gonz	81902938	
petrodom	23491235	
ThibautDN	18261965	
mquiero	87321428	
fcojofre87	141034857	
xuanphdinfo	407361597	
TerrenetMedia	75824901	
thejokeman2478	387266176	
valeduran	18662716	
elayllu	92529889	
Globservateur	238389352	
Virgilio_JR	239320296	
Thiews	46910530	
MarcosBuendia	60651116	
A_Rov	102931908	
Areteenergia	225731946	
Rodrigo_Boa	109697924	
SWMex	160177713	
AlanGBetancourt	132325455	
agudogasoleos	198468626	
pablorovira	38089359	
jmandaleris	31575974	
edgartellez	54365850	
AQUINOECONOMIA	122979702	
infanciasegura	418153103	
mariodelgadorzm	106022962	
AOMontero	31820601	
arturoborja	27338439	
rodrigogar8	413463996	
Marca_Personal	47175701	
mario_delgado1	141200768	
elcataldo	174726233	
mariapastora	27852	
CanalCorredores	416176991	
PatrickABASQ	404094219	
greenetvert	122041239	
Thiews	46910530	
angelvidalboldu	178912527	
stefosis	382118031	
FranceAgricole	26074031	
Cap21Bretagne	64894674	
ActuFrance	49972692	
kietude	9378894	
notreprevention	251949069	
BertMoissenet	419284214	
WikistrikeW	276345222	
JuanDaRiios	392023920	
PerleDuNord_Co	157219671	
albertoxic	12478779	
Judith_Diaz	125908441	
tweets24hs	108634291	
take_jp	18835174	
Fil_energie	270066939	
affairesfrance	33150754	
Prop_Joe	5145084	
artworkblognews	282292365	
zdig1	71179691	
AJegou	416077780	
DomGrEEner77176	190250302	
BizHoy	265568634	
NewsEnContinu	179170937	
SanBen1	411193026	
edparraz	11580884	
Saramesss	106396473	
LoudL	106096096	
Goubertas	225952847	
Blogenergie	176555777	
Dalilo75	366064675	
Ake_Econo	150597324	
Saphobie	382809301	
akemoi	34976366	
nanoeve	101190652	
lesmicfr	240162864	
pvil	4520607	
Commentfairepro	399757745	
parfis	17312151	
pcayuqueo	202754690	
lorenzo_60	355544426	
visionsdeurope	177049364	
Clara_Botero	273136843	
matiasriveros	29506474	
CCI_CLC	191606122	
KatiaPoder	17201290	
nolesvoteschile	286705253	
thesweetfairy	2079276	
lemondefr	7421053	
taiki_nishimura	76032899	
akemoi	34976366	
Ake_Ecolo	150597368	
AffluxDuclair	198511343	
josuevegatoro	121303455	
juanaca1965	274867821	
agterra	368030248	
WenaChile	149336586	
vhfritis	162487893	
Corresponsables	82998683	
titulares_col	366170714	
terracolombia	22830407	
Sounoir1	417164866	
PanamaAmerica	256989692	
Mediaterre	27403906	
NewsPressInter	140556254	
AgenceNewsPress	138316711	
AgenceNewsPress	138316711	
NewsPressenviro	140556258	
SERHenares	280393269	
WSC_JMEiriz	399156216	
yollivier	189443294	
MONTAUFE	206623439	
Forest_and_Life	414940039	
coe_cdlr_F	415564482	
QuebecEco	236264832	
Boomsland	397763462	
Mediaterre	27403906	
laurawenzelmorl	414400114	
Judith_Diaz	125908441	
TUACOECD	24566262	
FlashPresse	100530242	
Strategie_Gouv	377737365	
EconomiadeHoy	408666315	
Lauraalcazarm	232228403	
becqb	217151728	
sladent	234786677	
Biomiscanthus	134202581	
josisla	32842974	
MeGustaMexico	146884793	
SNPI_FSU	78942929	
UMichoacana	403085845	
matiasriveros	29506474	
danieldiazfelix	76982683	
REDContableMX	213601913	
gerardoplv	157881272	
energuia_com	359120146	
rodrigo_saucedo	18399505	
rodineicandeia	83524923	
direitodopovo	6564676	
WSarai	143279181	
Deallasomos	177288774	
vhfritis	162487893	
Gittyss	105658489	
JAArdavin	102174494	
OscarCeballosD	19509784	
RespiratorioCL	279494649	
colkine	76577147	
ginniasa	64176888	
Jano_dc	269154792	
Zinias1	408471529	
Trends_Mexico	399495290	
Chrissanz	62846325	
uneteUAI	415782705	
JAArdavin	102174494	
EsquirolDespert	286422613	
KineCaroca	121955944	
mgoyenechea	130904836	
decorazonrojo	127507036	
AMERI_RI	241216573	
casioapuleyo	286672928	
MaxBarata	91494431	
GyojiShukke	15838867	
dawoud68	106227330	
WSarai	143279181	
jalbornozb	250302012	
tomroud	24147140	
Ls01	2417764	
yannhoury	31525331	
bossfanhn	395439425	
yannhoury	31525331	
yannhoury	31525331	
gcarondk	232433235	
alvmunozf	351817735	
MilaSaintAnne	4246815	
mutualidadciber	407046682	
Philippedecamps	145388426	
albertosesn	291850636	
valerieCG	1907748	
AF_agencia	80265382	
Moragasanti	240781572	
m_remola	197380326	
SE_DF	270222882	
CarburanteCL	265415200	
donesenxarxa	3210786	
mario_delgado1	141200768	
Gilixen	363654469	
adriantrejo	80809741	
callemexico	145354612	
News_at_time	418516952	
pconversation	408366260	
MrWatta	92715374	
sebbouyssou	18662742	
paboncamilo	270500048	
cristalkev	104125761	
REMAXSINGH	202512919	
WSJAmericas	31969123	
Notwitarde	418672220	
FrenchPolitics	187451511	
RedEconomica	287284524	
sopranosprods	99756010	
andreswire	358877723	
vhfritis	162487893	
regionglobal	116188839	
RedIntercambio	384955442	
MaOlalde	225118205	
Dalayon	27936205	
info_bcn_cl	188729800	
sallycarcid	68715799	
matiasriveros	29506474	
cnnexpansion	3030553	
arrobapuntoyo	374687941	
globalmediamx	89169584	
agariazzog	73286524	
CarburanteCL	265415200	
_GooglePlex	258156785	
TomasdelaMaza	102906059	
AffluxDuclair	198511343	
FCOMEMO	145198532	
Space0Cowboy	32977024	
josemiguelbaeza	79580157	
impactomx	152192075	
AlmudenaDiez	280073559	
yonosoyella	395548698	
caalvarez	17230256	
xeunoticias	52763092	
energiahoy	93100266	
EnfoqueNoticias	33909252	
News_at_time	418516952	
callemexico	145354612	
adriantrejo	80809741	
Coinpeg	139725771	
BeRevolt	279299535	
acostaburga	194054397	
lecoquelicot	52801951	
AlvaroQuijadaB	285306514	
ceiegchiapas	290630865	
morpheo64	413911000	
ceiegchiapas	290630865	
Javier_Fdez	18043415	
betvallcorba	126362109	
aliciabanuelos	142012619	
provinciamx	63756903	
CarlosPC_Mx	80143153	
CarlaexLovaina	385378732	
acatalan	1771734	
EconomiadeHoy	408666315	
Notwitarde	418672220	
PierreGATARD	388553878	
PierreGATARD	388553878	
anahirdgz	76049083	
mas_motores	404703293	
estepmen	354174900	
UN_NUEVO_TIEMPO	24011080	
UNTMurcia	407281903	
untMadrid	246931442	
ceiegchiapas	290630865	
jdmoreno1	407396556	
UNTBarcelona	407281849	
mileniotv	25620830	
elsolde_mexico	94560132	
marciaburga	257268635	
cataconcha	22930492	
bfigueroa65	179787956	
opobodixital	198537941	
wchobto	118927311	
ClaireS_C	228320914	
FederationGAMS	193385220	
Lupislicious	14445230	
Celestisssima	100624778	
arcanopolitico	76426164	
arcanopolitico	76426164	
nadiaesteli	86168668	
Educpros	63663173	
mentegar	86167773	
Covadonga_G	181738146	
leducentete	104887040	
bylkana	101704387	
Consumo_TIC	413006142	
LaTizaEconomica	153095458	
AlejandroFaya	106591730	
mkrauskopf	152801711	
chemasanchez	62901106	
elfosvaldo	123904	
mgoyenechea	130904836	
espalhai_	274449294	
vhfritis	162487893	
Instant_tech	98349110	
El_Semanario	91649345	
BienesyValores	389471995	
EnR37	176756304	
EnR37	176756304	
EnR37	176756304	
mkrauskopf	152801711	
nanoberet	211965913	
tblosseville	141448900	
tblosseville	141448900	
blogdalidi	373706207	
tblosseville	141448900	
DATAiFX	79267060	
gtrabison	116492980	
abrilalvaro	227657186	
M100Globope	202285990	
tblosseville	141448900	
heliopaz	443145	
kike_DNOiSE	7018636	
GardenerSantana	240301563	
gmaincent	403438742	
PauloCerri	35970503	
DupinValerie	274513612	
jenniferarts	214662817	
ONTSI	50791121	
info_energies	275666539	
geniotweets	390937757	
carllahy_X	147186610	
usinenouvelle	10527558	
VEJA	2351991	
noticiasmercado	123754492	
togatox	240428864	
dinheirinho	148625087	
SistemanaReal	369970263	
diariomunicipal	101730496	
arthurrocha_	55379584	
casioapuleyo	286672928	
raulrioscavada	90595859	
pron_noticias	13524876	
franciskocalvo	406242246	
Bolchile	99009525	
despertaldna	274238083	
afverissimo	132245536	
Estrategiacl	135356598	
modernavitoria	100112139	
pzvaldes	51400000	
AGmz23	398570951	
lanotave	371821407	
clickinveste	271593664	
JornalMercantil	157867455	
FesUGTLeon	271632313	
HulkMetidao	237321288	
DicasdeDinheiro	236177474	
MastrangeloA	367164213	
Thiago_Fiago	78756691	
LARAZON_es	96893176	
juancaviglia	159019008	
antonio_montoro	274917991	
jivagos	6386793	
JulioGM	11626656	
prettyzoely	94506944	
TomArinez	285173235	
EmpleoFormacion	16612664	
gumartins95	225671518	
rebecablanco	16629841	
rafamtnezsb	210199080	
ValorFuturo	56486110	
economia_feed_1	265232044	
claudianocte	103415119	
CamaradeMadrid	32240259	
ALQnews	416176942	
marcelosanz11	255827034	
BibianaGlez	191532822	
eldia_economia	6915392	
AgenceNewsPress	138316711	
OscarGravini	106593455	
psanjorge	363113233	
1forex1	100167526	
V_ZIB	418783808	
LaTizaEconomica	153095458	
economia_feed_1	265232044	
MEYIRA27	223931422	
PacoLuisGRX	12958073	
fernandomatos	333840	
ferheber	115902858	
WSarai	143279181	
Andresal3	203847065	
MdM_LeSoir	418378830	
ogirardot	141159633	
ccz1	9950939	
ClementDelangue	219570409	
meryljob	271724092	
ajorda	762913	
DavidKlingbeil	1685925	
carmenpi28	377805853	
GrupoInzamac	351870990	
javiestb	100656406	
edusanja	360767591	
Lnescu	415666797	
joseacontreras	49770271	
DMarzal	270532144	
FranciscoJav363	351703571	
XavierCendra	199307597	
PepMartiJufresa	107601304	
TELETUSA	230144785	
Justinevir	371883806	
xaskinfo	175128862	
helua	22746238	
Actibva	306451	
corrales	354598390	
scomte	111897160	
giovannias	19248203	
erojotorrecilla	104086820	
pezcalona	109457171	
SebastianGomezA	82787286	
ELMITOMANODOC	279141440	
hfiscalistas	352359085	
Escobedo_Jp	276359542	
pfvillegas	132845250	
prometeonuclear	37707466	
odiseodietrich	101042215	
Ateneadeverdad	153498684	
prometeonuclear	37707466	
Gabriell_Muller	177354711	
fabianli	113175553	
AlInRob	188974879	
miguelpriale	264423776	
cweis1	356214068	
Jaaavieerja	418647660	
koiquer	5875083	
SJGuevaraG1	117016885	
fonck86	124199840	
Ruicid14	99313824	
carlosportugue	67851046	
amadeoretukno	220647879	
Amafore_mx	274273079	
fberbar	378380294	
fabianarriagada	86925554	
Mapaestrategico	109826003	
cpjcgomez	109200709	
JDAM_Cid	6616487	
sofimaciasl	2858275	
SenadoresPRD	75470186	
mjgarciag	220316019	
gisela_ghi	89401084	
jgabrielveiga	143277400	
DanielSerrat	370447411	
martinmathus	96639210	
acabarumbare	156766398	
acabarumbare	156766398	
RenatoFloresC	103493926	
petorrealba	80492566	
FelipeGC_Net	128952600	
alexandroalvare	85866591	
ANACAROLVIN	201913979	
CaturraLoyola	263101176	
dianySo	62777542	
julianaramireze	29561651	
ItzelGarr	274072216	
JotapeVenegas	22672689	
mgoyenechea	130904836	
fdofigueroa	57214096	
jesusgverdugo	218174571	
CADEUC	966866	
Iniiiis	360778584	
ofwagner	103783189	
Peyo_1987	398980092	
Kaedeontherocks	133389885	
SAAbogados	292241707	
Ambitojuridico	39167088	
dgomezalvarez	74881667	
f_fusterfabra	77825429	
Jorge_Barria_	389609224	
dgomezalvarez	74881667	
HugoTagle	69594488	
pedroatienza	5493453	
oscarh215	279897985	
JDAVB_Abogados	403683417	
Sensato_	124617323	
24horas_rne	408166037	
JgANNA	403048080	
GracaConsulting	406533715	
SELAInforma	117225530	
nkkita	88258422	
pablojmeza	130207171	
Fluxdactu	144480196	
DianHolderlin	93363466	
PoetaPatagon	276592085	
elfiscalizador	26795654	
contro_versia	184423994	
Duartedicon	91460486	
manucountry	125764021	
LAASESORIA	245293915	
diego_calazans	176824506	
LaEntrevistaTW	417248693	
roxiabi	38167618	
MAQUIAVELO541	192149159	
hgarcia14	373487235	
dulce_ortiz	85186446	
bnavascu	89500740	
BenitoCaetano	71892116	
Sisifa1	276762605	
ARMAKdeODELOT	171446278	
Elpregoneeero	264405445	
josele_tkd	377322528	
ARMAKdeODELOT	171446278	
anelxita	122156303	
Sanzpoveda	232271675	
SebastienRobert	2345977	
oscarbrp	83029367	
JALeksGC	271883128	
davidzatarain	52699930	
fedroguillen	70447792	
nataliabeatriz	12201505	
Ibanezantolin	357884082	
Tornadomgt	140001943	
BaldomeroGomez	106531852	
MarioBrionesR	400036841	
mercedesabal	243136638	
spacheconet	26369412	
BrujulaOndaCero	213417677	
practifinanzas	287496305	
GemmaBolsa	360557094	
dftmorelos	379024149	
LCEUNIKINO	88703775	
NoticiasSpain	275424648	
ABDWORLDGROUPMX	235775676	
ClanPSU	376231976	
YolandaCorgo	358945397	
movilec	138881936	
Innarita	218744827	
b3lc3bu	26179857	
gisela_ghi	89401084	
danporras	117036515	
metas2021	141383107	
manuel_area	153583862	
MAJLPULI	355812001	
AlexRdgz	94738957	
AMERI_RI	241216573	
ecoaccidental	72247930	
Ganasdevivir	47305576	
lumendoz	82791011	
vsala4	292538484	
teruelano	152604951	
JoseLdelCampo	26171123	
mas_pormas	110172729	
SchumacherPRO	399684171	
torresayala	43046426	
ntzc	351610587	
sergio_ibarra	100527384	
APttCB	162401683	
salvadorbegur	264558988	
er_diez	127376141	
Leocadia1965	113009643	
jrodrigomoya	63125045	
garzonbr	141167904	
eldia_economia	6915392	
estrategias	1631356	
jguerrerod	144189373	
econobloges	109966588	
mayapitun	14528970	
franciskocalvo	406242246	
srutia	97024701	
Pepeluibiza	25224292	
CCOOBcoPopular	377749967	
mljimar	218349206	
i_roman	157211353	
CezarNelu	411926310	
buscapro	122799518	
vinceasesores	402273410	
dhbaldo	198001215	
economia_feed_0	265237755	
Guillaume_DEMOS	411798834	
pedropesambre	277040532	
GTSUruguay	126812203	
doocadence	412777947	
doocadence	412777947	
ruralinclusion	176937206	
MargaVillalba	271987206	
ruthcmonteiro	49669865	
meta_guide_de	389432994	
kyungmi83	101644904	
pkwg1016	212870567	
sinbi2010	102469827	
septbear	402082495	
nomadiquemc	1120420	
travel2_germany	210984521	
OECDBerlin	24571213	
burwoodgreen	9225712	
ituc	1813739	
VanDammeEDU	421817675	
TopForeignStock	272022687	
TopForeignStock	272022687	
TopForeignStock	272022687	
PeterHoglaRfss	265504294	
ilpyungdad	96653557	
newslogistik	90011838	
EmilyTully	431635	
ITUCEnvironment	160061875	
koreanewswire	16840187	
itis10667	402148179	
miguel_lara_p	59865649	
EMB18nom	396271543	
onesixlove	82141599	
ilpyungdad	96653557	
pobal	411867222	
Sherrytrueself	7392834	
loveisone	231931603	
mape112	122247373	
mape112	122247373	
holmjan	50085020	
intelispace	167632970	
alexvantol	142417020	
asaxena	1245860	
5duck	26848701	
pamkela	127321264	
msk240	256565290	
carlosjmedina	36239933	
zilergybiz	238848104	
madam_love	223029074	
gkqrurvlf	393207626	
TigorMD	243938308	
Landshovding	416242777	
PeterHoglaRfss	265504294	
NewtonMark	2609641	
2951hideo	167749446	
testedquality	97868136	
solaris00	131573504	
testedquality	97868136	
testedquality	97868136	
testedquality	97868136	
wanwanko1	417913977	
testedquality	97868136	
AnneMcCaffrey12	378465935	
OTB_pax	95847162	
VOCEDplus	414925948	
VOCEDplus	414925948	
VOCEDplus	414925948	
guru_EunjiWon	146930572	
CapitalBanker	38031998	
smartdelivery	99121330	
maxmckegg_TRL	110821702	
VitaminMD	29978103	
ruggerblogger	6697504	
narakenmin1	220378147	
realjoy365	288953361	
BookmarkedByUs	375416042	
kayo_ookawa	398818805	
FrisbyLife	63272	
4sunjin	400329206	
carvinkim	105310758	
New_paradigm	95843789	
ajeo_c	405334217	
schill_dawg	7304007	
APOsocialpolicy	403892139	
peter_skoglof	285621706	
seal_tama	88256441	
USUBENI	27389521	
dnthism	404692434	
wooyoungC	181485930	
Hocchama	151090142	
piyohiko_nr	179210200	
ddjjeong	271657735	
tariten	98063761	
setsumori	53902949	
momo0078	419663936	
ktasaka	15169991	
ozpolicyonline	19636423	
withmetlife	179206515	
Forthepeople99	257421938	
peoplepower2040	230774236	
donparis99	27545282	
blueprint2040	249160088	
niki5945	148143639	
voksanaev	352085003	
voksanaev	352085003	
bilderberg54	51088208	
pyh3019	421376129	
haste72	95788864	
parami59	146705736	
ilee2002	273900792	
Andrewkms	374446575	
SleepingTina	417091558	
heyn3	276985896	
dsfood91	259664638	
windnriver	56333564	
librabit614	420106263	
designNanoom	388637944	
KwonYoungGhil	103287348	
cvanderpool28	123798160	
ezrabin	358263647	
wordsonaplatfrm	110071121	
Destiny655445	420828225	
MarineBoyDK	150469162	
AdonaiEjad	113543609	
cleaneyes85	412689432	
kawamura26	416972610	
martexpressnet	408690281	
mbusigin	6128635	
Edubeat	53814352	
eslwriter	203067800	
apoforeign	168108682	
zzalatusla	253816099	
goodcwi1	291345081	
orange_eagle99	419862790	
BarbarianCap	89224371	
MAXNSR	143622003	
ozpolicyonline	19636423	
NeurobehaviorMN	268057961	
thomasmbird	235660679	
ksc00013	199248473	
dongsasudok	202205768	
Warmpolitics	160230214	
Samndhra	112337118	
neomanichaeist	261849102	
yumaria3	120079912	
electricLily	101019300	
bettysaku	201670816	
redteaprince	125564802	
kabachika	105219656	
zztree	92799217	
Kylanim	230621910	
seasonlog	406680289	
muko_dono	92038778	
egaosonehara	117431776	
kazuhiko_tanaka	129311163	
torrecolombaia	96598878	
kashiwasakana	88030222	
Say_hoy	391937526	
cfj89360	164692398	
ngc3333	94794944	
Nidosiras	421626034	
Hangyatiz	31747556	
hk_education	419871758	
kooriyamasato	256604971	
zilergybiz	238848104	
ePURE_ethanol	166212100	
tweedledeej	6213699	
Convertbond	7689335	
ohpblbc0	284125203	
_LaloLanda	159718535	
sescan	165978400	
SehZade24	352678828	
noah_0405	144518824	
ximenacruzi	101095589	
vacuna709	39486108	
jhwordsmith	22984871	
mexico_info	400081717	
narwie	81533580	
Kayla5465465487	419384162	
ilee2002	273900792	
turkey_info	413508442	
tjryu	20771496	
Nordwestroute	228361747	
Ethical_Corp	3642948	
BCoussement	270264571	
jhwordsmith	22984871	
TAECx1000000000	419378514	
JWL_	65054437	
Ashwnj	15637462	
Canamal	65091807	
olgag	254099	
FrankInterActie	408135599	
emmanuelOrwell	415337991	
emmanuelOrwell	415337991	
ElanePrentiss	415693841	
emmanuelOrwell	415337991	
AledeValpito	233155687	
emmanuelOrwell	415337991	
jsalinasi	191426	
SEAMOSMAS	50521106	
MacaSoler	144816786	
KaryMartinezf	401757302	
negrita121212	172478246	
PsMacarena	49293614	
Mam_YW	367282149	
NBIEXPO	231585717	
emmanuelOrwell	415337991	
denizgogus	280615319	
LawrenceCheok	4105775	
nesshad	230756087	
luislahaba	173181635	
brlgl	192298157	
down_array	394259588	
down_array	394259588	
gnaygks	357996022	
hobo_lop	407337630	
TURK_GENCLIGI	365155808	
analiz_politik	351817968	
jperetz_jp	352843438	
nanew5	127096728	
ctaket01	123139401	
stefan_palsson	8157346	
12cannon	239093870	
haegany	292986301	
MiriamDonohoe	12941133	
jysamv0328	215762407	
hiid0318	245117394	
MrMJLane	419872521	
younok1017	357898771	
tarte_day	380210682	
gimpyblog	12024339	
un4get11	279294740	
get_future	165637790	
Nicbyr	32817565	
iwavedesign	112958143	
oyanokai2011	417689268	
comohedge	59930913	
nikkieatchel	50580180	
pobal	411867222	
pobal	411867222	
pobal	411867222	
pobal	411867222	
pobal	411867222	
pobal	411867222	
pobal	411867222	
get_future	165637790	
ahhaman00	381718169	
yyejikim	265501619	
Mangeles21	164275231	
imnotwriter	23225010	
CatalystInc	4347177	
gonghyun	111596773	
MoaitheBlack	224925068	
ljk3000	412764916	
jinsmessia	144035857	
sds0410	384764787	
shafrancello	44126108	
Franche_chichi	373291612	
zozond	267582409	
Seere_La_Noir	402944988	
us_kim	159321880	
e119yji	381655553	
LIxNO	283106361	
BrianvvI12Bvv	376750755	
hjd1992	95650605	
nonsync	30509250	
songjy92	416335356	
eastcrane	212339904	
Sherleyexids	419254818	
sungjaeRhee	381769736	
shiver_r	193783651	
wasrenagusa	373480602	
kaz4146	248934305	
telmeok	144241827	
psy771	228210439	
mekeroi	206018446	
StevenGort	390400251	
LRinCO	355810193	
ChoHyunJung	147919881	
soar0	159437567	
anjelhuman	109986384	
aimhigh2400	162359193	
Rikun_	256757067	
jjjjj_in	153031777	
4ku49	97143303	
hkeye7	162310552	
beast3046	281166517	
miumau666	114857712	
iskyuser	107263183	
Amylovelyyy	123596832	
obbasarang	253433888	
jiho160	289807861	
wnfk0811	394057355	
gulljin	216801679	
chainsaseco	382984048	
laystall	60185362	
laystall	60185362	
sskheee	261165745	
SORI_40_	351801662	
BeForU	49406895	
ltsg311	362016417	
Hong_Seungui	126269284	
trevorshah	195648868	
sjtwtr10	172113110	
kangsdaq	59673202	
760Davidson	151979704	
enfound_	380429352	
kangyulee	111319643	
LomLona	404647114	
flow_raum	402262705	
yoonyeah93	421384017	
Carirael	226809622	
raidrain	181811739	
DMPie	246780841	
dungho_	363826474	
kgh11427	188402873	
rubenruben2	408234006	
rukio_bot_kr	388262541	
olivia_yoo	119395322	
sleepdormouse	276714557	
cyhcap	33529682	
foresttour	33503361	
TerryWitch	85802007	
haegany	292986301	
Nonganium	285231568	
pluck1016	176578313	
mikey_franklin	130945438	
SKIA_PM	351426702	
Reptor_	256605149	
taegyeong	108113290	
Tcat_	95123203	
jinwonh	222881149	
xelila0	271324604	
Cheryllnooft	419250408	
amcunningham	2127307	
Jiraiiii	407367892	
jiho160	289807861	
duncanrss	133907889	
aureadynow	390229283	
Lagom2u	149392955	
Shiawase_fuukei	364238643	
yoonsreading	228774072	
novel_savage	406240567	
ozgeoguzz	221432330	
gisook063	245853433	
EduSum	111855571	
ForexRedeemer	102097251	
PeterHoglaRfss	265504294	
gsgsxtra1	204235429	
BND_net	373496360	
pr3_rss	287900071	
Leelo626	412884809	
3eintelligence	21891324	
AliciaRhee	138549972	
Bremshey	105978541	
Dadabla001	240194364	
940101_2xxxxxx	352338773	
Letakos	146779582	
pingerino	90396196	
jp6v	37361190	
gsgsxtra1	204235429	
BND_net	373496360	
pr3_rss	287900071	
Leelo626	412884809	
3eintelligence	21891324	
AliciaRhee	138549972	
Bremshey	105978541	
Dadabla001	240194364	
940101_2xxxxxx	352338773	
Letakos	146779582	
pingerino	90396196	
jp6v	37361190	
sepials	393206798	
purplefeet09	370471077	
kjhstar1027	356390254	
wakako0225	364231239	
soryakimigasuk_	260419861	
BlueMoon_Tree	378435839	
greattak	119270794	
jarrettist	93711129	
jethrotull88	111810961	
lyjin1111	201610475	
tahsfan	396468898	
Tournyol	44104263	
mobilhaber	386275692	
ekfud3	273070957	
Lotus_LJ	269063088	
FinlandInc	362243814	
lovemtmdrl	376051712	
y_machiyama	254724438	
gyeyoung23	287111441	
_930626	254410006	
waynemcdougall	614111	
hjsong95	410011724	
Wed429	101034	
hanehiromu	414790172	
hanehiromu	414790172	
LeeHJDa	281902603	
dhjygd_BEAST	356561189	
b2usty_JH	359514826	
SpringLemontree	280904504	
J_961122	386638298	
wndusdl35	186027211	
Yujeong0502	269332534	
bonohj	280893008	
ennapark85	258225917	
raf_T	22544165	
ennapark85	258225917	
jurylady	113128855	
lsh6866	282763396	
intwise	219076168	
hyun7414	280808234	
Education_Ind	70850890	
saint_laurant	90757834	
ohmy_hs	401006641	
augusteander	223742609	
js_heart	139690610	
hk_education	419871758	
cheakgoung	418762792	
somanamu	81531663	
_4004_	290647590	
Ssg0617	231654720	
yoonzhh	269715637	
drloveSOS	110117246	
blanchomme	2559233	
ingreatco	380106953	
zilergybiz	238848104	
kiich	21330715	
jyjungji	381007574	
won2fly	191934532	
Kangcheolung	360450427	
mogudog	17300660	
udon_bose	124495712	
jjoye03	277016616	
champlbj	274231168	
alicia0112kim	394827459	
kodama0212	405651726	
t_seki	53750715	
akuma0911	186513242	
naagita	22742371	
EdithieLee	253290535	
milae0584	221904692	
realheeee	169455576	
coco0422	219736641	
letsmodern	90813504	
vvipbigbang0819	274106061	
cui4ying1	121498389	
A_rim1115	249122341	
akanekoumiushi	250798788	
newfacessy	247568586	
whatttttArrrrr	405573195	
oku_tomo	94509597	
Soyeon_L	377902477	
takemichi01	144035503	
nadang37	270117723	
Gianna5645645	420420449	
ahyun_97	419902000	
gwakmeee	186916465	
soichiasanuma	205338301	
montehiroshi	87287088	
sourpotato	11429506	
_FTIsland	385019353	
AccesJeunes	411895491	
le_zanak	256379859	
ily9440	397206492	
colate_bb	389351282	
bobutaka_bot	114825692	
maht_eunji	207786170	
eunji_tara	281536561	
claw2003	160233760	
Takeridon	223342461	
hbcunews	110474960	
KijunePark	123162587	
goodtwt	110808750	
sunamandala	131229783	
qudwns1031	259000541	
alswltndnjs	279310882	
junpei_co_jp	96107197	
DJHUNT4CAIRNS	197208144	
EntrepreneursY	419857154	
op15937	383408140	
qlalfthsustar	237347472	
SAYA_OH1126	275248519	
YOU_R1108	240192288	
potatochipJ	378186593	
ruffynyan	288554617	
noharra	6352555	
toyorrin	275673406	
qqmasa	205661458	
sjh0205	196308730	
joongundeoku_	417786170	
shuhsann	127368900	
ey_970521	230787977	
postNikolay	117688944	
did_dytjq	284344006	
_____Ssuhan	292019622	
HJae0	224271890	
yotastory	100482120	
jp6v	37361190	
fmacconghail	88584727	
fall961022	356590987	
gmeanpark	388461991	
tnteacherTim	6323954	
milkit00	285101673	
MarvelousMatt85	290524801	
LightheartedDan	70080668	
RonWadforth	383237995	
STOP_11	241761350	
syscrisk	194807816	
K1er	9062185	
sidchat1	420381748	
OECDwatch	163911013	
PobrezaAmbiente	14684654	
zzzz9610	389579303	
ehdgo95	112217182	
dandyboys12	137697785	
Elizebethswyis	419257249	
RENERGYFoods	404496998	
kishaphillips	138857240	
go0224	141274992	
yool_moo	409450911	
Remedy970106	218688675	
junhwan0826	372789706	
HyeonVip	386068395	
gavasquezv	195929323	
Haeun_twt	272064152	
kamjadorii	123253716	
vvip0111	285635047	
RobinMacNab	8218367	
happy_library	290113065	
busanHE	379608016	
Real_D3d	245191743	
c45t3l	69821718	
oyhn1217	269049190	
fhfflfhffl118	377035293	
EmmaVendrell	213133495	
pettitebeaute	266140068	
batrobas	188883523	
ecard0129	420974244	
oa_k	116658392	
ecard0129	420974244	
_boston17	282603149	
middlepyong	216726478	
horacioguevara	21036223	
go1412c	288211344	
Mickey_djKim	226434751	
ruben_arias	32435485	
seonah1215	221928716	
joengeun0222	270940990	
jinhee3898	255545831	
legohelly	368458572	
Lee_j_o	375930148	
Cherrypink0205	419941972	
skdlxm7790	416807012	
jeongjooho	400985424	
aovoa7033	356499320	
0_kjh	362335038	
pru2003	269991044	
alwl4014	369562503	
ironbelly10	148400685	
bom0618	283872598	
Simhj96	365055800	
nina003799	363407306	
charm_ing	373102399	
minyoung0722	369584865	
Hartman_Eric	266584823	
springbok60	145279332	
jknani	351359906	
okolkye95	158605870	
Ksb_0368	236868493	
hyeeunn	202156212	
applecandy77	250554961	
Jiyoun0830	419921346	
hyeeunn	202156212	
CoreaBot	202094828	
atin9094	107398130	
Seo_Young___	216257465	
Bmyluv_du	382363851	
tnqls7827	405805047	
Bmyluv_du	382363851	
Rochelloffoe	419255842	
97RaN_G	404006151	
HyeKIMM	357604603	
YumTaiji	166226354	
YEAHjiHUN	400732849	
Libeaya	204911406	
is_ui	413361993	
InHeaven0126	381533776	
ekgus0902	386445434	
RealHa_yooon	366619280	
gew1212	162833887	
NumberNineKorea	144707242	
SupaDupaD1va	417648521	
94Sookyung	420315798	
97RaN_L	403990266	
Hye1hi	224161372	
nuriyh	200282046	
NGlitter	395636006	
duswls422	98073473	
c_y_j0105	403357897	
hanna_7812	385348081	
Cruise0120	411248794	
beavermuzic	351822449	
Ne_pkm	216051038	
BEAST_XD	237451160	
String_2	419508091	
IYWBM	277830470	
HELLOB2ST	175557427	
lovely_ksj	352059188	
kym686	238172850	
Kikuhi2	418908877	
sssssangmi	206586293	
lsm227	404577925	
SocInclusionUS	96618726	
boneeya	292520962	
mememeeeeee	356556891	
thsskatls0606	387092356	
hi7330_0	353195764	
so_b2222st	273430208	
Diplo_21MZ_b	416203672	
Diplo_21MZ_u	416682564	
WestPoint360	269484595	
sojeong_zz	353327718	
_OriginalJoker	417036064	
980105hy	289197001	
iwin03	369558274	
nakung99	266492923	
aaronjohnpeters	33247440	
whitepeeech	113871719	
2222CHAE1	200585179	
_980810	363327056	
chr0588	375315822	
momJju	277368324	
ReRak_Holic	410476308	
kimsumin	16984940	
TTan0813	368725927	
rtndus9	262901445	
Joint_H	112168730	
wjdrkgus8623	118978723	
KJYLSY0818	270961098	
OHNIJMIK_21_YJ	228027984	
JY0608_Wh	414519904	
_youki_	99603854	
SateByoel_16	401833530	
lukarion	148206026	
beyond_m	129316414	
Laurathe222	416360666	
klkl3249	415605532	
MatPalAnHaeZoom	378565659	
beautyevin	192117775	
hyung_gwang	375859831	
jueun4632	384946966	
SSIAL7	417822585	
helloimhyj	204326610	
b2stys1016	355475526	
B2ST_HS_BOT	270102587	
Shout_it_out_	418227984	
rjsgmd2010	208474845	
neconomist77	120135706	
soeliii	409367615	
phoi1234	185847726	
davin0414	372430184	
kong_sae	223066526	
sondeoku_	409256320	
CJH_a	273443143	
mang_un_bot	291445665	
YH_POOH	248504095	
moon_bluespirit	380855896	
TyandTfandYh	126126370	
Ft_PriKHR96	376922709	
Ft_PriKHR96	376922709	
ChaeGyoungKim	367698611	
ChaeGyoungKim	367698611	
kimskagain	141321106	
theta1017	286298026	
katyschange	420934263	
medicinebeaver	142637254	
irfandonat	169995497	
LKSJYS	232213654	
op15937	383408140	
kitami28	250013818	
BelinOlivier	185249427	
10_Eya	418282657	
JiHee1017	284408029	
sewon0511	159889512	
Mr_Dorothy	357573680	
yeooonga	411166536	
GyeomDddd	186836650	
FMDAdvocate	365385835	
hyomiri	390136270	
proteincrunch	269707380	
LaMamadelFrijol	100117547	
hyein5	119546991	
E_youlim	226222070	
qhdi01	364756114	
lordjeff94	28924326	
jiho160	289807861	
VIVIAN0409	274801458	
whatttttArrrrr	405573195	
FlyingBird22	145570083	
audrnrdl123	150593083	
peace0806100	361322032	
priwldms	210032063	
juni5184	355319621	
bori_bob	277309546	
Jieun30531	353305265	
hongho15	388534011	
feel0405	279704828	
DHKIM03	281904992	
cokwhithbear	209322008	
whanfwn0214	223560375	
haeyoungpri	385602663	
pji2072	420920050	
darlingtree1	119852191	
hya97	411733877	
jsjin02	279212573	
apintosanchez	162274833	
BEASTpraise_poi	272670387	
sssin0	167040569	
hiimkjh	282386359	
hellowygap	417621605	
masataka_2001	30392628	
hyejin970513	400913541	
BeeeautyJW	397052763	
helloimpjw	272358867	
thdwn08	211661632	
leehge99	362153128	
Norsunenergy	216022452	
kumakiti_	401487855	
leehge99	362153128	
thdudkjs	187353079	
JEONGHANEUL	160256310	
B2UTY_970317	414369060	
RyeoSu	104308818	
ccinomacchiato	197192172	
Beauty960814	374224163	
hyunii605	113687251	
db1781	405282470	
promise05	87766792	
songblu	146591501	
ilovecmh	190569224	
kjy6823	291320158	
i_is_Like	248285892	
mynamejyp	168351800	
sjs2199	288646456	
b2uty_HaeRi	281233545	
sshcbr2	284379922	
bubble3674	414910806	
seung0806	283669437	
LeeB1202	253479617	
Rising_GH	213917457	
sys5676	377831307	
FtPri_0529	409222990	
ShOwMeDJ_1006	368833487	
pobal	411867222	
hjk9658	278885465	
yjyyls1016	125072672	
yjb2st96	236604006	
_970510	373499338	
MyhusbandYONG	187278271	
A_Ji0101	271736600	
kong_sae	223066526	
_Joker891219_b	239446886	
hyeon3327	130404349	
Babutangi	285244575	
wldp0817	357594859	
b2stys1016	355475526	
BbSoheehan	372540419	
jueun4632	384946966	
qazwsx0927	383325759	
friendysb_User	394802283	
totoro3045	416090207	
hmovie	387667158	
qazwsx0927	383325759	
kitty_1012	170010284	
ramilala	90826594	
andcl7521	226749126	
ydmsjy102	350697902	
CHOI_0108	416033691	
LacPapillon	406599028	
Jiiiiinyoung	155362466	
im_jiyoung	405875015	
02G_E06	249060929	
Shiny_hyun	292118525	
me2dayfeed	14217944	
gusl0223	226821810	
DUKONG_0804	395024577	
Joker8912192b_u	398082751	
BEAST_XD	237451160	
hyunju06	206397565	
Yuiopsuzy	417229480	
withme97	407287284	
soulmate0920	387806024	
Freeze_1016	287014377	
sohee1013	276418649	
gyqls0615	261840485	
GusruD_B	287153133	
tyui100v	239994343	
bembem123	396340603	
beastyoseop0105	212178436	
tyhs609	292593221	
haeriu	414962398	
Beauty980404	266873610	
keon918	162758102	
B2stSJ_GK	384790373	
sonsmw	377726762	
byj1229	383248183	
tjsal3094	354750749	
yoon7645	379432842	
sne_b_u	407333177	
77231050	405827327	
heeeeyewon	372433778	
Color_ApinkHY_u	410082420	
wonkyungggggg	282806633	
dhjygd_BEAST	356561189	
YOU_1226	371169432	
junhyung1030	289304682	
SHAST5251016	354644688	
climbjain	108359980	
HD_1006	402853690	
B2UTY_970317	414369060	
sonnamsinside	412267782	
shinhye_5	363117539	
puppup0126	397690500	
jiwon_0104	271998326	
sinssanta	272405973	
jiwon_0104	271998326	
simsooyoung	375324541	
aliblapoz	397107146	
moritz_stefaner	7756796	
addgoguma	233295088	
nikki_68revo	402767105	
lovetkfkd4991	272075133	
junyo0517	286059835	
b2uty_hr	391408637	
kasedo	138702985	
GusruD_B	287153133	
tyui100v	239994343	
bembem123	396340603	
beastyoseop0105	212178436	
tyhs609	292593221	
haeriu	414962398	
Beauty980404	266873610	
keon918	162758102	
B2stSJ_GK	384790373	
sonsmw	377726762	
byj1229	383248183	
tjsal3094	354750749	
yoon7645	379432842	
sne_b_u	407333177	
77231050	405827327	
heeeeyewon	372433778	
Color_ApinkHY_u	410082420	
wonkyungggggg	282806633	
dhjygd_BEAST	356561189	
YOU_1226	371169432	
junhyung1030	289304682	
SHAST5251016	354644688	
climbjain	108359980	
HD_1006	402853690	
B2UTY_970317	414369060	
sonnamsinside	412267782	
shinhye_5	363117539	
puppup0126	397690500	
jiwon_0104	271998326	
sinssanta	272405973	
jiwon_0104	271998326	
simsooyoung	375324541	
aliblapoz	397107146	
moritz_stefaner	7756796	
addgoguma	233295088	
nikki_68revo	402767105	
lovetkfkd4991	272075133	
junyo0517	286059835	
b2uty_hr	391408637	
kasedo	138702985	
stephan673	356693252	
qptmxm94	389078583	
thf1129	174833367	
windstory0	292991271	
kk0my	374870235	
elgotango	290551034	
KH_8823	387151579	
k6jaehag	289705736	
mucasso	46476785	
Nonended	397579791	
ruby940905	260295672	
stay0921	121464955	
min970701	245262035	
KIMBY0319	238132782	
researchimpact	16553035	
13loveU	186897787	
jaeeun115	274814147	
Lovee_jo	279300453	
timelessrue68__	387139173	
ProfitIsGoodLtd	113474263	
1s___k	271050784	
lhy369	378464858	
Duemda	392719187	
garahan73	403236884	
Yein9257	139410710	
karihan_girl	420314058	
VarLEE81	186276222	
10veh01ic	410029175	
Kelly_youngs21	417565946	
oynean82	397422865	
helloiamsyk	235997133	
Kelangdbn	20172932	
dsssom	276477275	
puding34	416843778	
ItsHannaoh	372255334	
SuBin960510	136140383	
bsh9119	382622029	
yeseul316	118725335	
creatMaestro	161757578	
EverLastFriend	113858606	
thdud556	230857040	
ss50105ss	141026964	
thdud556	230857040	
AnneMcCaffrey12	378465935	
buddhadhatu	115408249	
EllenHSW	230858845	
hk_education	419871758	
yell0106	391915827	
psb7981	391042430	
sj1_3	354730293	
ayoung_16	374460113	
lamu13	211700135	
YJin_416	389550684	
nikita1316	390201358	
ioperapink	409370268	
_960106	385393172	
ohhhh0103	357815963	
alrud7206	222498475	
Heecial	143368202	
lamu13	211700135	
YJin_416	389550684	
nikita1316	390201358	
ioperapink	409370268	
_960106	385393172	
ohhhh0103	357815963	
alrud7206	222498475	
Heecial	143368202	
ssangyong17	256812773	
Limheenim	179132023	
HOWL0124	251841376	
KinoShin85	411123054	
yeunje96	211553987	
realjehee	125274663	
SJL322	112374932	
sophia0729	398321242	
0812__	354237342	
ZZang_13	363406400	
twinker_96	291346859	
jjangsse8180	207482529	
ujudaestarhee	399167204	
h_hyejun	159767369	
huckmonkey13	220142940	
wooyoung_1106	387139339	
eunyik	289321802	
CESbb	176073572	
Seolah34	209729415	
sodresss	179223926	
volul2	159782200	
chlduswns	193801546	
Bluizer	129360164	
yyangyobba	371690317	
Gi_chanism	189440936	
ethca	418256697	
jyHeeNim	362946855	
road2vn	67232764	
2141suanne	160829691	
byeol94	390096842	
alericci_es	266677269	
up_in_the_air	389956166	
OresamaJY	358782950	
kaheene	121087807	
yj_praise	139661502	
Star_of_wisdom	129884369	
hongkee5	113090897	
2myeongmi	206944692	
HomoScripto	260887682	
SJL322	112374932	
YKNimo	217524077	
Rina_ssunverse	279680865	
weich16	266165907	
matusmoto77	157139665	
llj4242	392815134	
_4gbjy	271021915	
jdj2986	389472699	
Sinsaku_D	195191673	
dmsdud9850	221521671	
aaababo	212093949	
EunJ_0216	220861394	
joonynLP	138919265	
mmmmm1015	218903672	
ioplanet	23905697	
makescape	258870464	
corea1	25228400	
stone_nong	269056546	
sseungO_O	144701745	
loveygs	176403481	
sjkim1022	226320773	
kdh6141	144939495	
Chloe_RH	276047617	
ifukano	97367091	
yangssongyi	189717128	
smallMN	414970593	
2DW_	112438808	
JIhyeeeb	184143852	
H2gether	291850547	
kh0226	113783636	
sun_young22	225008675	
solinlove88	100432868	
yuun_jjungE	263949271	
migyun	101196612	
s_cube_	88551850	
01074824782	384697760	
yunnyenny	374505650	
mycorning	267637602	
grasspond	407884235	
junglee890	381722057	
mickysuin0604	169525179	
blossom_ms	176914782	
38P5	202669366	
Macintosh10	379610989	
CantusProTe	155935050	
hoyeon1996	110302626	
s_vvang	379798250	
BBANG1997	213307465	
ye_jin_0212	406600848	
gkskv	357615244	
E_Eru	217562992	
bnoo_v	268275831	
Jayeonzzang0_0	288636860	
_AchAMO_	188228173	
polarbear_S	390134044	
JAYOSUP	116110369	
kyungheene	288166043	
mycorning	267637602	
parkDhyun	196822712	
tndus5938	368589467	
StudyCoach	23676383	
eunbi_97106	400343612	
gustnqls31	167169160	
jsy0226	275612115	
yhlny	144493650	
jsy0226	275612115	
iandaai	118500984	
earnshawme	109088891	
elf__jh	233507141	
Shimma_J	124243212	
rubenruben2	408234006	
SeungIlcho	420004404	
quarter_15	218175736	
heosmurf	137704617	
c0042000	132994518	
madhyuk	102889572	
dmsghsl	173904202	
StarStyleshot	89232794	
Happy419	112057196	
hellojjungs	279324191	
Nereizel	87753536	
SsuHyun1126	170679640	
ss_db	386299939	
Jaeseongssi	281227669	
b2utysukyung	400343136	
jangsun2	275213023	
97_5nlytvxq	355630640	
lienzhi13	285234888	
Queens1123	413427388	
thsekwjd36	353434274	
care278	244554476	
Easilia	172880550	
Antares_kano	273112941	
SERY_Kr	151986763	
ShavangYS	172992426	
J_jyk23	175503305	
JongEunYi	376836551	
ymjjm1226	409989511	
Kimsunbin_B	398383132	
kurokami1363	412060380	
thisroadsend	419915775	
hyunju06	206397565	
kjy6823	291320158	
k_joohyun	175018015	
tkfl0627	291460925	
qtdhyj	226974579	
BANy0218	385512085	
f3339975	200297059	
cin5446	410693736	
rubenruben2	408234006	
loveleekino	268637986	
minhye1994	225653981	
remel85	231199297	
B2uty__JH	400912190	
zxcv5102	285214133	
JSI_0819	381079913	
PARKKYUMIN	119766935	
Gdoooong	174909805	
Arenla7	101812551	
RuritaniaCastle	247574624	
B2UTYlwk	278796640	
manamiyamane	143004833	
Bn_lee	401653879	
Sejoooooo	126480518	
yooonjh0407	402131739	
Kurotora_krbot	401706517	
178cm70kg	375808518	
HOYAPANDA	409313291	
HOYAPANDA	409313291	
MoaitheBlack	224925068	
dm2039	237559803	
Good_Memoryz	413512446	
01045015347	376934993	
kobilsoon	96415033	
keichan515	357879434	
KeepArisu	216754352	
choyoun21	148085213	
Lakudaru	368563904	
TVXQforeverDBSK	169359080	
limit0618	281185355	
asd3462	178120556	
Hyeiger_Hi	416766971	
KeepArisu	216754352	
1231_Bob	409867005	
_TVXQFaith	211551163	
jusik_otk	366830474	
greenpartychief	290292734	
tamura198	406796050	
helloimpjw	272358867	
SheriBesford	406899469	
SoYeon1011	152168942	
CUBE_LovelySsol	419920012	
mamenosuke60	63670294	
wowjinli	171081583	
Yoseup_0105	382340595	
blingjuheeee	380300973	
helloimseyoung	234276335	
B2uty_WR	376737171	
POTMaggots	260557695	
88MinG	357786597	
sj_superior	371312125	
kimker2003	417228777	
ing050307	383380850	
berrysy0121	418757867	
ehdqkd9803	361534963	
end5859	182573780	
S1e2w2o6n	170571716	
baby_wh_Ah	402267811	
idontusually	354836328	
louisehee3	287079943	
ChocoSungJ	266533781	
applevirus	104934722	
mydream4577	163493583	
SpecialDW_bot	363918223	
gmja7254	364095139	
S20420	418066527	
eunjuly_	290095072	
pooreunworld	283968222	
hakercty0	371736155	
aa1766	395775786	
So_rry_E	395716241	
se_tinia	370608194	
BeverlyHills_SY	242445098	
SJL322	112374932	
soyoung0831	230779410	
obspascal	8842113	
Hye___min	380978205	
zzangmee	356640403	
everyday1sunny	418828330	
yoondu13	420802036	
ashleyKim777	176940498	
hyemg	141563904	
bluenight1004	122586844	
KKyung_	146967195	
B_Sunny	93268097	
gooner_4	218115361	
HyoNyong_	264212246	
vVG_GVv	414433057	
did1452	284330360	
nooodled	32827238	
gooner_4	218115361	
Thirza1982	377826210	
lastjedie	188806353	
bak6486	275211902	
kkanjuk87	138696709	
jw95915	146246738	
wjddnjs704	170670608	
Leehyuk13	367123672	
YoungCH93	268655136	
sbk03198	353691285	
inttroo	193530727	
_lmy	143140012	
ssujin0208	248342209	
SeraKai	203827073	
TVXQiwan	169431069	
The_whitedonky	124833186	
EuuuuuunBi	179560292	
nao_tokyo_1976	146142141	
wegon0912	262907604	
piusthefirst	237500052	
chokomiHJ	182719743	
folmolen	39291761	
k960828	279328159	
bt_harim	289309514	
kathy2490	366799493	
dudbtla	358521247	
hyejin970513	400913541	
staro_oz	209025603	
lisamareedom	3031340	
B_2205	247514314	
S_CaipiriNha	400226316	
DoubleJnW	114090540	
Ideal00	200564484	
Choky_Oz	395668322	
b2uty_bana_ar	416218533	
GongJooYeon	185391423	
eunhye3333	372471446	
parkpants	289772820	
chuni_S2	247723506	
lovablepsy	384125221	
parkpants	289772820	
chuni_S2	247723506	
lovablepsy	384125221	
dmswl3061	236110914	
Mc_Slutty	290638682	
sunny_scent	419317778	
jjeongyoon	147195176	
Sootory	95139402	
GrHR1106	402335762	
Kyyyjs	388018319	
shguswlek	178247208	
thddl008	261863957	
SUKBEEN33	390968189	
jlys96	232667613	
beautyjhh	375281695	
WonSoRang	33028042	
cge0116	233826430	
zzzzzyeon	143442890	
chicMAX	203706273	
a_mond	120385941	
eungkyeong	392469480	
yO_Ontae2n	187249156	
loverJiHye	407221578	
YangJae_	220722697	
nho1407	257341962	
_SMLINE	406260354	
Soodal_Yoony	409207909	
wngml6182	205691295	
vgs3496	161396255	
shinvely_	418375971	
hoya26211	402830369	
WT_4MHA_bt	401471261	
1eEyoUngA	420416326	
Babypink9343	258748938	
HelloByeAndsad	278883223	
MiJin960815	367730975	
aaa24312	353683049	
minji3539	216342205	
riaa_995	358674228	
JHYJ_1219	265546279	
haerinn961013	161297626	
onlyTVfXQ	47548901	
Hongmemory	212037402	
mblaqoo	396283364	
lollapaloozaP	398123530	
chicstarface	387145033	
kyu060527	232335225	
chr0588	375315822	
s00000jin	222075301	
ahneunji90	255925606	
s97609	226173504	
sjy8033	178251709	
kimhjkimhj	193507544	
HNPLUS	115066990	
gustmd412	367791754	
yjinc	23094040	
yangyoyo_97	419848208	
j0w0nhk	289796016	
YOUNYEON	97555198	
JoeES0209	203301472	
Leecaptain09	223161457	
sooyCh	143791198	
kbok0	408186983	
Meansky10	417259627	
kuroyume_ryou	268938019	
Ji_wony_	380259182	
ImBeau1016	186788078	
isis5434	394721842	
0419atom	175645334	
starlandee	135427227	
akmepark	160761967	
z4354z	368972725	
judenause	218602073	
yewonJeeee	366780017	
yewonJeeee	366780017	
peacejyj77	362356999	
cheayoun501	390118607	
Rhythmic_EunSun	114234797	
wks4j	378600964	
zigooin	47375173	
keg6830	362375952	
5_Novelwrite	219549020	
beaujjang	152028427	
g070_feed	126270064	
WithPOP	176022516	
jisung65	254615310	
minyoung0722	369584865	
XIAH_JJu	290016991	
cogns0201	25594171	
syeong_0215	234786248	
philtrum13	113394682	
gleek4840	387097271	
rosalia247	167218585	
bse0918	404102490	
sweet_gy_b	405349134	
iek2iek	123645175	
prettyKR	81656053	
mylove_501	352381053	
omygod030	286686941	
hello__ej	269695846	
gleek4840	387097271	
rosalia247	167218585	
bse0918	404102490	
sweet_gy_b	405349134	
iek2iek	123645175	
prettyKR	81656053	
mylove_501	352381053	
omygod030	286686941	
hello__ej	269695846	
SASIL_	420436535	
rora1217	51435956	
steamjeje	174165843	
neua0312	381763998	
HuhJinYeong	373527779	
HENI_aa	402934987	
ww__w	383094644	
1222jy_tvxq	267189329	
lmlmlwu	361646360	
Dujun_User	364049191	
yourdream0301	377555806	
parkdalvong	259260227	
Devi_ru	374387942	
elfish1106	125618870	
Riu_kr_bot	389321455	
man_seng	265892982	
Meeeeeeeen	117124863	
kmh0729	286606322	
Bitssang98	383139641	
mstell_hini	351896677	
jjoo0408	389895218	
wpsl9114	223203992	
_Withma	385501345	
tvxqtic1226	281968999	
danbi9505	199297668	
livelylifeline	128189275	
ESENNAEIOUMUNN_	390373680	
jungje1016	352246737	
hyunjung2Hi	219594111	
ATSUKA_	351522820	
01170207	270941600	
hjj9095	236045359	
holic515	395769300	
sjh4345	357793218	
ninja2945	111275244	
minzy1091	388532467	
jgy1031	417774703	
chit_cheese	412381078	
marrang2ys	266227231	
77team	362933836	
ParkJS2	169411375	
HyominBF	407980785	
g0_guma	274250902	
stephi94	51730478	
1020soul	112671742	
kwonsy0226	249381772	
another_todd_	371313488	
MYKEY923	125283881	
Platinumknights	139116834	
KSarahron	387804830	
jinju_5	170029059	
Tillusionary	188897012	
U_Lan0907	379543657	
nonbon81	400476037	
imkimyeonhee375	203752872	
andanteuk	408486879	
6002thejjjsyhcm	171184570	
qqv1002	413295440	
soyeonara	382768713	
Solkr	117671499	
WG_MD	128709730	
quilto1234	268933427	
onlyasunaro	116665247	
Parkingyo	385723096	
MiguelEscotet	166819448	
destewinner	413339306	
hhhjjin	202668397	
08c0534	363451116	
sakriviklund	421836829	
LeeYunglee	419512277	
EquityUK	4932575	
helenlowell	111211683	
namseouldental	91547037	
LeeYunglee	419512277	
ab_techs	408114123	
CalidadTenerife	351907909	
